county,measure,2000,2001,2002,2003,2004,2005,2006,2007,2008,2009,2010,2011,2012,2013,2014,2015,2016,2017
Aitkin County,"Serious crime rate per 100,000 residents","3,196","3,274","3,695","2,912","3,594","3,013","2,519","2,670","2,698","2,159","2,382","2,683","2,979","3,092","2,384","1,690","2,276","2,268"
Aitkin County,Total serious crimes,489,502,577,460,576,487,412,440,443,349,386,434,478,491,378,268,359,359
Aitkin County,"Property crime rate per 100,000 residents","3,052","3,091","3,528","2,805","3,394","2,840","2,415","2,500","2,521","1,998","2,271","2,541","2,842","2,846","2,258","1,538","2,181","2,180"
Aitkin County,Number of property crimes,467,474,551,443,544,459,395,412,414,323,368,411,456,452,358,244,344,345
Aitkin County,"Violent crime rate per 100,000 residents",144,183,166,108,200,173,104,170,177,161,111,142,137,246,126,151,95,88
Aitkin County,Number of violent crimes,22,28,26,17,32,28,17,28,29,26,18,23,22,39,20,24,15,14
Aitkin County,Total population,"15,301","15,334","15,616","15,795","16,028","16,162","16,357","16,481","16,422","16,168","16,202","16,177","16,044","15,881","15,856","15,862","15,776","15,829"
Anoka County,"Serious crime rate per 100,000 residents","3,709","4,095","4,057","3,990","4,124","4,372","4,279","4,113","3,932","3,413","3,249","3,347","2,892","2,537","2,454","2,531","2,323","2,403"
Anoka County,Total serious crimes,"11,056","12,481","12,523","12,443","13,058","13,982","13,846","13,399","12,873","11,249","10,749","11,140","9,720","8,607","8,394","8,718","8,062","8,444"
Anoka County,"Property crime rate per 100,000 residents","3,516","3,901","3,862","3,817","3,952","4,143","4,058","3,918","3,745","3,228","3,082","3,183","2,755","2,405","2,329","2,392","2,193","2,277"
Anoka County,Number of property crimes,"10,482","11,890","11,923","11,905","12,515","13,249","13,130","12,762","12,263","10,640","10,195","10,595","9,259","8,157","7,966","8,241","7,612","8,000"
Anoka County,"Violent crime rate per 100,000 residents",193,194,194,173,171,229,221,196,186,185,167,164,137,133,125,138,130,126
Anoka County,Number of violent crimes,574,591,600,538,543,733,716,637,610,609,554,545,461,450,428,477,450,444
Anoka County,Total population,"298,084","304,823","308,702","311,863","316,643","319,830","323,590","325,767","327,427","329,635","330,844","332,873","336,135","339,235","342,088","344,514","347,095","351,373"
Becker County,"Serious crime rate per 100,000 residents","1,763","1,208","3,067","3,098","2,058","2,453","2,193","2,374","1,675","1,635","1,827","1,691","1,034","1,887","1,437","1,480",939,"1,856"
Becker County,Total serious crimes,529,367,944,968,651,779,703,763,540,530,594,554,341,626,478,495,317,633
Becker County,"Property crime rate per 100,000 residents","1,700","1,185","2,970","2,961","1,904","2,327","2,009","2,240","1,523","1,524","1,732","1,609",952,"1,802","1,371","1,375",856,"1,695"
Becker County,Number of property crimes,510,360,914,925,602,739,644,720,491,494,563,527,314,598,456,460,289,578
Becker County,"Violent crime rate per 100,000 residents",63,23,97,138,155,126,184,134,152,111,95,82,82,84,66,105,83,161
Becker County,Number of violent crimes,19,7,30,43,49,40,59,43,49,36,31,27,27,28,22,35,28,55
Becker County,Total population,"30,000","30,392","30,777","31,244","31,625","31,753","32,057","32,142","32,244","32,407","32,504","32,760","32,986","33,182","33,261","33,456","33,752","34,098"
Beltrami County,"Serious crime rate per 100,000 residents","4,071","3,853","3,391","3,920","4,233","3,993","4,024","4,210","3,570","3,654","3,731","3,724","4,201","3,553","3,603","3,914","3,343","3,808"
Beltrami County,Total serious crimes,"1,614","1,557","1,392","1,633","1,782","1,705","1,733","1,822","1,564","1,616","1,658","1,677","1,896","1,616","1,644","1,785","1,538","1,771"
Beltrami County,"Property crime rate per 100,000 residents","3,917","3,720","3,235","3,704","3,893","3,728","3,757","3,872","3,323","3,335","3,371","3,466","3,959","3,375","3,358","3,656","3,067","3,558"
Beltrami County,Number of property crimes,"1,553","1,503","1,328","1,543","1,639","1,592","1,618","1,676","1,456","1,475","1,498","1,561","1,787","1,535","1,532","1,667","1,411","1,655"
Beltrami County,"Violent crime rate per 100,000 residents",154,134,156,216,340,265,267,337,246,319,360,258,242,178,245,259,276,249
Beltrami County,Number of violent crimes,61,54,64,90,143,113,115,146,108,141,160,116,109,81,112,118,127,116
Beltrami County,Total population,"39,650","40,406","41,049","41,659","42,100","42,700","43,066","43,281","43,815","44,226","44,442","45,037","45,133","45,481","45,629","45,600","46,011","46,513"
Benton County,"Serious crime rate per 100,000 residents","1,721","1,666","1,836","1,591","1,907","1,663","1,459","1,087","1,162",932,850,"1,048",944,"1,162","1,192","1,587","1,193","1,280"
Benton County,Total serious crimes,589,589,663,585,707,622,549,413,444,358,327,406,365,453,466,624,471,511
Benton County,"Property crime rate per 100,000 residents","1,572","1,550","1,739","1,513","1,783","1,558","1,348",981,"1,058",830,780,973,866,"1,075","1,110","1,501","1,130","1,207"
Benton County,Number of property crimes,538,548,628,556,661,583,507,373,404,319,300,377,335,419,434,590,446,482
Benton County,"Violent crime rate per 100,000 residents",149,116,97,79,124,104,112,105,105,102,70,75,78,87,82,86,63,73
Benton County,Number of violent crimes,51,41,35,29,46,39,42,40,40,39,27,29,30,34,32,34,25,29
Benton County,Total population,"34,226","35,346","36,117","36,760","37,072","37,409","37,617","38,007","38,200","38,418","38,451","38,730","38,672","38,980","39,100","39,315","39,468","39,937"
Big Stone County,"Serious crime rate per 100,000 residents","1,718","2,078","1,497","1,876","1,690","1,671","1,563","1,342","1,032",757,"1,215","1,268","1,052",789,"1,041",741,678,"1,094"
Big Stone County,Total serious crimes,100,118,85,105,92,91,84,72,55,40,64,66,54,40,53,37,34,55
Big Stone County,"Property crime rate per 100,000 residents","1,529","1,937","1,392","1,822","1,561","1,598","1,470","1,230",995,738,"1,158","1,152","1,052",730,"1,002",681,658,"1,035"
Big Stone County,Number of property crimes,89,110,79,102,85,87,79,66,53,39,61,60,54,37,51,34,33,52
Big Stone County,"Violent crime rate per 100,000 residents",189,141,106,54,129,73,93,112,38,19,57,115,0,59,39,60,20,60
Big Stone County,Number of violent crimes,11,8,6,3,7,4,5,6,2,1,3,6,0,3,2,3,1,3
Big Stone County,Total population,"5,820","5,678","5,677","5,598","5,444","5,445","5,375","5,366","5,328","5,285","5,269","5,207","5,134","5,070","5,089","4,996","5,012","5,026"
Blue Earth County,"Serious crime rate per 100,000 residents","3,865","3,683","3,931","3,737","3,897","3,740","3,853","3,881","3,528","3,504","2,974","3,486","3,589","3,367","2,727","3,014","2,491","2,446"
Blue Earth County,Total serious crimes,"2,162","2,092","2,262","2,188","2,304","2,241","2,354","2,405","2,218","2,227","1,904","2,243","2,332","2,180","1,780","1,977","1,650","1,638"
Blue Earth County,"Property crime rate per 100,000 residents","3,677","3,568","3,789","3,585","3,718","3,488","3,596","3,631","3,349","3,345","2,798","3,318","3,345","3,170","2,527","2,839","2,287","2,238"
Blue Earth County,Number of property crimes,"2,057","2,027","2,180","2,099","2,198","2,090","2,197","2,250","2,105","2,126","1,791","2,135","2,173","2,053","1,649","1,862","1,515","1,499"
Blue Earth County,"Violent crime rate per 100,000 residents",188,114,143,152,179,252,257,250,180,159,177,168,245,196,201,175,204,208
Blue Earth County,Number of violent crimes,105,65,82,89,106,151,157,155,113,101,113,108,159,127,131,115,135,139
Blue Earth County,Total population,"55,941","56,808","57,542","58,554","59,116","59,918","61,100","61,974","62,860","63,565","64,013","64,344","64,968","64,755","65,268","65,595","66,244","66,973"
Brown County,"Serious crime rate per 100,000 residents","1,687","1,593","1,684","1,633","1,294","1,356","1,432","1,114","1,162","1,178",942,"1,127","1,019",835,"1,184",824,724,988
Brown County,Total serious crimes,454,429,453,437,345,356,376,291,302,305,244,289,259,211,299,208,183,249
Brown County,"Property crime rate per 100,000 residents","1,613","1,519","1,606","1,555","1,238","1,318","1,387","1,060","1,123","1,101",904,"1,103",996,764,"1,116",789,621,834
Brown County,Number of property crimes,434,409,432,416,330,346,364,277,292,285,234,283,253,193,282,199,157,210
Brown County,"Violent crime rate per 100,000 residents",74,74,78,78,56,38,46,54,38,77,39,23,24,71,67,36,103,155
Brown County,Number of violent crimes,20,20,21,21,15,10,12,14,10,20,10,6,6,18,17,9,26,39
Brown County,Total population,"26,911","26,932","26,905","26,754","26,666","26,260","26,252","26,130","25,992","25,890","25,893","25,653","25,410","25,266","25,264","25,228","25,262","25,194"
Carlton County,"Serious crime rate per 100,000 residents","1,778","2,681","2,694","2,498","2,781","2,174","1,885","2,561","2,781","2,827","2,518","2,664","2,660","2,589","2,416","2,561","2,673","2,347"
Carlton County,Total serious crimes,563,861,882,833,944,747,651,886,973,997,891,944,938,913,854,906,950,833
Carlton County,"Property crime rate per 100,000 residents","1,677","2,504","2,529","2,315","2,645","2,048","1,763","2,419","2,647","2,688","2,385","2,568","2,527","2,444","2,257","2,391","2,487","2,206"
Carlton County,Number of property crimes,531,804,828,772,898,704,609,837,926,948,844,910,891,862,798,846,884,783
Carlton County,"Violent crime rate per 100,000 residents",101,178,165,183,135,125,122,142,134,139,133,96,133,145,158,170,186,141
Carlton County,Number of violent crimes,32,57,54,61,46,43,42,49,47,49,47,34,47,51,56,60,66,50
Carlton County,Total population,"31,671","32,110","32,740","33,343","33,950","34,367","34,538","34,596","34,986","35,269","35,386","35,431","35,265","35,265","35,353","35,379","35,544","35,498"
Carver County,"Serious crime rate per 100,000 residents","1,930","1,796","1,602","1,654","1,475","1,509","1,933","1,609","1,588","1,275","1,213","1,189","1,231","1,110","1,061","1,191",907,902
Carver County,Total serious crimes,"1,355","1,310","1,208","1,290","1,187","1,256","1,656","1,404","1,410","1,151","1,104","1,103","1,155","1,061","1,033","1,174",910,921
Carver County,"Property crime rate per 100,000 residents","1,819","1,689","1,513","1,564","1,397","1,424","1,853","1,553","1,529","1,223","1,157","1,122","1,167","1,048","1,002","1,117",839,829
Carver County,Number of property crimes,"1,277","1,232","1,141","1,220","1,124","1,186","1,587","1,355","1,358","1,104","1,053","1,041","1,095","1,002",975,"1,101",842,847
Carver County,"Violent crime rate per 100,000 residents",111,107,89,90,78,84,81,56,59,52,56,67,64,62,60,74,68,72
Carver County,Number of violent crimes,78,78,67,70,63,70,69,49,52,47,51,62,60,59,58,73,68,74
Carver County,Total population,"70,205","72,945","75,393","78,005","80,473","83,258","85,657","87,270","88,812","90,242","91,042","92,804","93,859","95,610","97,343","98,596","100,327","102,119"
Cass County,"Serious crime rate per 100,000 residents","5,411","4,701","4,940","4,899","4,499","4,020","2,740","1,712","1,820","1,671","3,896","3,192","4,108","4,477","4,239","1,608","1,700","1,397"
Cass County,Total serious crimes,"1,469","1,297","1,376","1,372","1,275","1,153",788,491,523,476,"1,113",906,"1,167","1,275","1,210",461,493,410
Cass County,"Property crime rate per 100,000 residents","5,050","4,372","4,635","4,417","4,033","3,563","2,302","1,430","1,559","1,478","3,648","2,992","3,735","4,210","3,959","1,353","1,510","1,237"
Cass County,Number of property crimes,"1,371","1,206","1,291","1,237","1,143","1,022",662,410,448,421,"1,042",849,"1,061","1,199","1,130",388,438,363
Cass County,"Violent crime rate per 100,000 residents",361,330,305,482,466,457,438,282,261,193,249,201,373,267,280,255,190,160
Cass County,Number of violent crimes,98,91,85,135,132,131,126,81,75,55,71,57,106,76,80,73,55,47
Cass County,Total population,"27,150","27,587","27,853","28,004","28,338","28,683","28,754","28,681","28,733","28,483","28,567","28,380","28,405","28,477","28,543","28,677","29,000","29,355"
Chippewa County,"Serious crime rate per 100,000 residents","1,177","1,342","1,311","1,944","1,652","1,566","1,493","1,314","1,972","1,359","1,575","1,747","1,230","1,458","1,635","1,409","1,221","1,235"
Chippewa County,Total serious crimes,154,172,167,245,207,197,187,163,244,168,196,215,149,176,197,170,147,148
Chippewa County,"Property crime rate per 100,000 residents","1,154","1,264","1,193","1,841","1,580","1,542","1,437","1,202","1,810","1,197","1,447","1,608","1,081","1,342","1,502","1,243","1,196","1,110"
Chippewa County,Number of property crimes,151,162,152,232,198,194,180,149,224,148,180,198,131,162,181,150,144,133
Chippewa County,"Violent crime rate per 100,000 residents",23,78,118,103,72,24,56,113,162,162,129,138,149,116,133,166,25,125
Chippewa County,Number of violent crimes,3,10,15,13,9,3,7,14,20,20,16,17,18,14,16,20,3,15
Chippewa County,Total population,"13,088","12,815","12,741","12,604","12,531","12,581","12,525","12,401","12,376","12,360","12,441","12,310","12,117","12,070","12,048","12,065","12,036","11,980"
Chisago County,"Serious crime rate per 100,000 residents","2,684","2,860","2,852","2,606","2,850","2,713","2,778","2,263","2,267","2,184","2,312","2,073","1,242","1,519","1,312","1,330","1,189","1,103"
Chisago County,Total serious crimes,"1,103","1,243","1,294","1,233","1,398","1,364","1,429","1,184","1,202","1,169","1,246","1,114",664,815,706,720,649,610
Chisago County,"Property crime rate per 100,000 residents","2,586","2,731","2,724","2,475","2,770","2,591","2,661","2,162","2,175","2,111","2,245","1,980","1,164","1,431","1,236","1,253","1,128","1,009"
Chisago County,Number of property crimes,"1,063","1,187","1,236","1,171","1,359","1,303","1,369","1,131","1,153","1,130","1,210","1,064",622,768,665,678,616,558
Chisago County,"Violent crime rate per 100,000 residents",97,129,128,131,80,121,117,101,92,73,67,93,79,88,76,78,60,94
Chisago County,Number of violent crimes,40,56,58,62,39,61,60,53,49,39,36,50,42,47,41,42,33,52
Chisago County,Total population,"41,101","43,466","45,375","47,322","49,054","50,283","51,444","52,312","53,012","53,526","53,887","53,746","53,458","53,655","53,797","54,123","54,600","55,308"
Clay County,"Serious crime rate per 100,000 residents","2,346","2,786","2,861","2,660","2,347","2,112","2,008","1,925","1,909","1,940","2,010","1,795","2,069","1,930","1,897","2,178","2,038","1,947"
Clay County,Total serious crimes,"1,202","1,435","1,481","1,388","1,250","1,143","1,106","1,074","1,089","1,132","1,186","1,075","1,245","1,168","1,161","1,352","1,281","1,238"
Clay County,"Property crime rate per 100,000 residents","2,188","2,648","2,664","2,512","2,195","1,964","1,863","1,792","1,819","1,849","1,886","1,710","1,933","1,844","1,755","2,022","1,904","1,784"
Clay County,Number of property crimes,"1,121","1,364","1,379","1,311","1,169","1,063","1,026","1,000","1,038","1,079","1,113","1,024","1,163","1,116","1,074","1,255","1,197","1,134"
Clay County,"Violent crime rate per 100,000 residents",158,138,197,148,152,148,145,133,89,91,124,85,136,86,142,156,134,164
Clay County,Number of violent crimes,81,71,102,77,81,80,80,74,51,53,73,51,82,52,87,97,84,104
Clay County,Total population,"51,229","51,513","51,772","52,183","53,251","54,122","55,072","55,805","57,056","58,351","58,999","59,899","60,179","60,521","61,188","62,064","62,858","63,569"
Clearwater County,"Serious crime rate per 100,000 residents","2,137","2,230","2,512","2,849","2,244","1,960","1,829","2,435","1,813","1,920","2,703","2,466","1,199","1,423","1,706","1,295","1,253","1,836"
Clearwater County,Total serious crimes,180,187,212,240,190,166,155,208,156,166,235,215,104,125,150,114,111,163
Clearwater County,"Property crime rate per 100,000 residents","1,888","2,052","2,298","2,623","2,114","1,818","1,605","2,014","1,418","1,619","2,208","2,214","1,118","1,139","1,444","1,011","1,072","1,599"
Clearwater County,Number of property crimes,159,172,194,221,179,154,136,172,122,140,192,193,97,100,127,89,95,142
Clearwater County,"Violent crime rate per 100,000 residents",249,179,213,226,130,142,224,421,395,301,495,252,81,285,262,284,181,237
Clearwater County,Number of violent crimes,21,15,18,19,11,12,19,36,34,26,43,22,7,25,23,25,16,21
Clearwater County,Total population,"8,423","8,384","8,441","8,424","8,466","8,471","8,476","8,541","8,603","8,645","8,695","8,719","8,676","8,783","8,794","8,804","8,861","8,878"
Cook County,"Serious crime rate per 100,000 residents","3,115","2,890","3,563","2,746","2,780","2,055","2,802","2,741","2,607","2,729","3,400","3,283","3,378","3,142","2,292","1,514","2,259","1,778"
Cook County,Total serious crimes,161,149,184,142,144,106,146,143,137,142,176,171,175,163,120,79,120,96
Cook County,"Property crime rate per 100,000 residents","3,038","2,793","3,447","2,436","2,683","1,919","2,438","2,607","2,341","2,556","3,207","3,111","3,340","3,065","2,254","1,399","2,165","1,575"
Cook County,Number of property crimes,157,144,178,126,139,99,127,136,123,133,166,162,173,159,118,73,115,85
Cook County,"Violent crime rate per 100,000 residents",77,97,116,309,97,136,365,134,266,173,193,173,39,77,38,115,94,204
Cook County,Number of violent crimes,4,5,6,16,5,7,19,7,14,9,10,9,2,4,2,6,5,11
Cook County,Total population,"5,168","5,155","5,164","5,172","5,180","5,158","5,210","5,217","5,255","5,203","5,176","5,208","5,180","5,187","5,235","5,219","5,311","5,398"
Cottonwood County,"Serious crime rate per 100,000 residents","2,129","2,249","3,635","2,472","1,531","1,538","1,942","1,711","1,684","1,625","1,266","1,477","1,330","1,151","1,130","1,076",807,"1,293"
Cottonwood County,Total serious crimes,259,273,440,299,186,184,229,201,197,189,148,173,154,133,130,123,92,146
Cottonwood County,"Property crime rate per 100,000 residents","2,022","2,191","3,453","2,282","1,416","1,387","1,739","1,617","1,513","1,470","1,129","1,332","1,253","1,038",973,927,693,"1,160"
Cottonwood County,Number of property crimes,246,266,418,276,172,166,205,190,177,171,132,156,145,120,112,106,79,131
Cottonwood County,"Violent crime rate per 100,000 residents",107,58,182,190,115,150,204,94,171,155,137,145,78,112,156,149,114,133
Cottonwood County,Number of violent crimes,13,7,22,23,14,18,24,11,20,18,16,17,9,13,18,17,13,15
Cottonwood County,Total population,"12,167","12,140","12,104","12,096","12,151","11,967","11,789","11,748","11,701","11,632","11,687","11,713","11,575","11,556","11,507","11,430","11,396","11,295"
Crow Wing County,"Serious crime rate per 100,000 residents","4,267",950,"4,322","4,457","3,943","3,676","3,152","2,419","2,443","2,245","2,192","2,610","2,994","2,864","2,490","2,719","2,688","2,308"
Crow Wing County,Total serious crimes,"2,351",532,"2,464","2,586","2,319","2,191","1,912","1,487","1,519","1,399","1,370","1,635","1,880","1,804","1,571","1,720","1,714","1,487"
Crow Wing County,"Property crime rate per 100,000 residents","4,055",929,"4,101","4,259","3,730","3,474","2,910","2,230","2,250","2,067","2,029","2,460","2,835","2,718","2,296","2,538","2,479","2,116"
Crow Wing County,Number of property crimes,"2,234",520,"2,338","2,471","2,194","2,071","1,765","1,371","1,399","1,288","1,268","1,541","1,780","1,712","1,449","1,605","1,581","1,363"
Crow Wing County,"Violent crime rate per 100,000 residents",212,21,221,198,213,201,242,189,193,178,163,150,159,146,193,182,209,192
Crow Wing County,Number of violent crimes,117,12,126,115,125,120,147,116,120,111,102,94,100,92,122,115,133,124
Crow Wing County,Total population,"55,099","55,973","57,013","58,023","58,814","59,606","60,654","61,484","62,178","62,307","62,500","62,651","62,789","62,980","63,102","63,250","63,771","64,424"
Dakota County,"Serious crime rate per 100,000 residents","3,090","2,726","2,971","2,831","2,774","2,853","2,917","2,742","2,771","2,689","2,362","2,268","2,401","2,283","2,130","2,294","2,122","2,107"
Dakota County,Total serious crimes,"10,996","9,912","10,939","10,538","10,463","10,892","11,266","10,715","10,915","10,672","9,412","9,113","9,717","9,319","8,774","9,498","8,859","8,887"
Dakota County,"Property crime rate per 100,000 residents","2,958","2,616","2,832","2,703","2,657","2,724","2,785","2,637","2,668","2,597","2,265","2,119","2,282","2,147","2,011","2,142","1,954","1,961"
Dakota County,Number of property crimes,"10,527","9,512","10,429","10,063","10,019","10,400","10,756","10,305","10,508","10,307","9,026","8,516","9,238","8,761","8,284","8,869","8,158","8,272"
Dakota County,"Violent crime rate per 100,000 residents",132,110,138,128,118,129,132,105,103,92,97,149,118,137,118,152,168,146
Dakota County,Number of violent crimes,469,400,510,475,444,492,510,410,407,365,386,597,479,558,488,629,701,615
Dakota County,Total population,"355,904","363,602","368,252","372,265","377,143","381,829","386,228","390,767","393,900","396,906","398,552","401,799","404,749","408,138","411,845","414,120","417,421","421,751"
Dodge County,"Serious crime rate per 100,000 residents","1,049","1,374","1,700","1,510","1,320","1,155","1,668","1,474","1,645","1,732","1,797","1,649","1,549","1,451","1,399","1,211",793,920
Dodge County,Total serious crimes,186,249,315,284,253,224,327,289,327,345,361,333,314,295,285,247,163,191
Dodge County,"Property crime rate per 100,000 residents",976,"1,286","1,608","1,372","1,305","1,088","1,638","1,417","1,454","1,536","1,593","1,465","1,357","1,313","1,242","1,098",750,857
Dodge County,Number of property crimes,173,233,298,258,250,211,321,278,289,306,320,296,275,267,253,224,154,178
Dodge County,"Violent crime rate per 100,000 residents",73,88,92,138,16,67,31,56,191,196,204,183,192,138,157,113,44,63
Dodge County,Number of violent crimes,13,16,17,26,3,13,6,11,38,39,41,37,39,28,32,23,9,13
Dodge County,Total population,"17,731","18,118","18,529","18,802","19,162","19,391","19,601","19,613","19,876","19,921","20,087","20,198","20,267","20,334","20,376","20,404","20,547","20,762"
Douglas County,"Serious crime rate per 100,000 residents","3,013","2,678","2,134","2,078","2,191","2,059","1,878","1,986","2,409","1,719","2,072","1,808","1,557","1,734","1,914","1,446","1,574","1,772"
Douglas County,Total serious crimes,989,889,717,709,757,723,666,713,870,620,746,654,565,630,700,532,585,666
Douglas County,"Property crime rate per 100,000 residents","2,885","2,611","2,048","2,010","2,078","1,937","1,759","1,872","2,324","1,622","1,963","1,692","1,463","1,604","1,780","1,294","1,463","1,602"
Douglas County,Number of property crimes,947,867,688,686,718,680,624,672,839,585,707,612,531,583,651,476,544,602
Douglas County,"Violent crime rate per 100,000 residents",128,66,86,67,116,122,118,114,86,97,108,116,94,129,134,152,110,170
Douglas County,Number of violent crimes,42,22,29,23,40,43,42,41,31,35,39,42,34,47,49,56,41,64
Douglas County,Total population,"32,821","33,201","33,601","34,125","34,555","35,110","35,472","35,903","36,108","36,076","36,009","36,175","36,286","36,340","36,573","36,794","37,173","37,575"
Faribault County,"Serious crime rate per 100,000 residents","1,508","1,714","1,392","2,099","2,038","1,632","1,769","1,588","1,231","1,508","1,148",864,"1,354","1,113","1,212",958,960,"1,154"
Faribault County,Total serious crimes,244,273,220,328,317,249,268,238,182,221,167,125,192,157,171,134,133,159
Faribault County,"Property crime rate per 100,000 residents","1,415","1,626","1,266","1,990","1,967","1,560","1,630","1,488","1,095","1,399","1,017",816,"1,241","1,021","1,134",858,902,"1,059"
Faribault County,Number of property crimes,229,259,200,311,306,238,247,223,162,205,148,118,176,144,160,120,125,146
Faribault County,"Violent crime rate per 100,000 residents",93,88,127,109,71,72,139,100,135,109,131,48,113,92,78,100,58,94
Faribault County,Number of violent crimes,15,14,20,17,11,11,21,15,20,16,19,7,16,13,11,14,8,13
Faribault County,Total population,"16,181","15,929","15,799","15,628","15,554","15,255","15,150","14,986","14,790","14,651","14,553","14,461","14,178","14,101","14,107","13,981","13,855","13,784"
Fillmore County,"Serious crime rate per 100,000 residents",805,137,664,692,741,662,599,593,610,464,350,197,639,631,308,391,402,472
Fillmore County,Total serious crimes,170,29,141,147,157,140,126,125,128,97,73,41,133,131,64,81,84,99
Fillmore County,"Property crime rate per 100,000 residents",762,123,593,635,675,591,532,559,538,435,316,178,586,564,255,314,363,396
Fillmore County,Number of property crimes,161,26,126,135,143,125,112,118,113,91,66,37,122,117,53,65,76,83
Fillmore County,"Violent crime rate per 100,000 residents",43,14,71,56,66,71,67,33,71,29,34,19,53,67,53,77,38,76
Fillmore County,Number of violent crimes,9,3,15,12,14,15,14,7,15,6,7,4,11,14,11,16,8,16
Fillmore County,Total population,"21,122","21,184","21,233","21,248","21,188","21,138","21,043","21,092","20,991","20,921","20,866","20,827","20,825","20,745","20,764","20,716","20,919","20,980"
Freeborn County,"Serious crime rate per 100,000 residents","2,293","2,048","2,143","1,908","1,734","2,000","2,169","1,723","1,685","1,699","1,821","1,979","2,198","1,901","1,763","1,653","1,431","1,857"
Freeborn County,Total serious crimes,747,665,687,611,554,634,686,543,527,532,569,615,682,588,542,504,435,567
Freeborn County,"Property crime rate per 100,000 residents","2,158","1,918","2,068","1,758","1,653","1,908","2,046","1,612","1,551","1,578","1,686","1,863","2,082","1,759","1,649","1,535","1,355","1,762"
Freeborn County,Number of property crimes,703,623,663,563,528,605,647,508,485,494,527,579,646,544,507,468,412,538
Freeborn County,"Violent crime rate per 100,000 residents",135,129,75,150,81,91,123,111,134,121,134,116,116,142,114,118,76,95
Freeborn County,Number of violent crimes,44,42,24,48,26,29,39,35,42,38,42,36,36,44,35,36,23,29
Freeborn County,Total population,"32,584","32,474","32,053","32,031","31,948","31,704","31,622","31,511","31,270","31,313","31,255","31,072","31,029","30,929","30,740","30,488","30,403","30,535"
Goodhue County,"Serious crime rate per 100,000 residents","3,236","3,468","3,488","3,238","2,826","3,006","3,261","2,898","2,014","2,218","2,185","2,269","2,496","2,154","1,941","1,751","1,959","1,929"
Goodhue County,Total serious crimes,"1,428","1,546","1,567","1,458","1,281","1,363","1,487","1,329",925,"1,021","1,009","1,046","1,152",993,893,806,906,893
Goodhue County,"Property crime rate per 100,000 residents","3,048","3,273","3,339","3,060","2,689","2,881","3,132","2,767","1,875","2,120","2,074","2,152","2,353","2,045","1,830","1,605","1,808","1,764"
Goodhue County,Number of property crimes,"1,345","1,459","1,500","1,378","1,219","1,306","1,428","1,269",861,976,958,992,"1,086",943,842,739,836,817
Goodhue County,"Violent crime rate per 100,000 residents",188,195,149,178,137,126,129,131,139,98,110,117,143,108,111,146,151,164
Goodhue County,Number of violent crimes,83,87,67,80,62,57,59,60,64,45,51,54,66,50,51,67,70,76
Goodhue County,Total population,"44,127","44,574","44,927","45,029","45,329","45,339","45,598","45,866","45,919","46,035","46,183","46,103","46,148","46,110","46,003","46,033","46,240","46,304"
Grant County,"Serious crime rate per 100,000 residents","2,640","2,556","1,620","1,732","1,782","1,492","1,306","1,254","2,045","1,511","1,595","1,585","1,721","1,192","1,081","1,176",270,337
Grant County,Total serious crimes,166,160,102,108,110,92,80,77,125,91,96,95,102,71,64,69,16,20
Grant County,"Property crime rate per 100,000 residents","2,608","2,492","1,573","1,668","1,717","1,460","1,159","1,206","1,799","1,411","1,512","1,585","1,619","1,108","1,064","1,125",253,320
Grant County,Number of property crimes,164,156,99,104,106,90,71,74,110,85,91,95,96,66,63,66,15,19
Grant County,"Violent crime rate per 100,000 residents",32,64,48,64,65,32,147,49,245,100,83,0,101,84,17,51,17,17
Grant County,Number of violent crimes,2,4,3,4,4,2,9,3,15,6,5,0,6,5,1,3,1,1
Grant County,Total population,"6,289","6,261","6,295","6,236","6,174","6,165","6,127","6,138","6,113","6,022","6,018","5,992","5,928","5,955","5,923","5,867","5,931","5,941"
Hennepin County,"Serious crime rate per 100,000 residents","4,952","4,857","4,697","4,508","4,445","4,767","4,847","4,755","4,379","3,968","3,848","3,791","3,785","3,690","3,551","3,350","3,308","3,409"
Hennepin County,Total serious crimes,"55,269","54,562","52,641","50,464","49,733","53,251","54,262","53,568","49,704","45,502","44,349","44,335","44,839","44,253","43,045","40,984","40,922","42,686"
Hennepin County,"Property crime rate per 100,000 residents","4,418","4,358","4,209","3,983","3,900","4,142","4,133","4,134","3,836","3,483","3,393","3,377","3,369","3,263","3,123","2,888","2,831","2,941"
Hennepin County,Number of property crimes,"49,309","48,962","47,173","44,588","43,637","46,271","46,266","46,570","43,548","39,945","39,103","39,489","39,919","39,127","37,854","35,330","35,023","36,827"
Hennepin County,"Violent crime rate per 100,000 residents",534,498,488,525,545,625,714,621,542,485,455,414,415,427,428,462,477,468
Hennepin County,Number of violent crimes,"5,960","5,600","5,468","5,876","6,095","6,980","7,996","6,998","6,156","5,557","5,246","4,846","4,920","5,126","5,191","5,654","5,899","5,859"
Hennepin County,Total population,"1,116,200","1,123,375","1,120,730","1,119,458","1,118,756","1,117,015","1,119,507","1,126,585","1,135,173","1,146,721","1,152,425","1,169,458","1,184,770","1,199,286","1,212,093","1,223,385","1,237,027","1,252,024"
Houston County,"Serious crime rate per 100,000 residents","1,217",972,"1,688","1,476","1,573","1,211","1,328",928,"1,143","1,024","1,125","1,229",810,570,449,508,620,697
Houston County,Total serious crimes,240,193,334,291,308,237,259,180,219,195,214,232,152,107,84,95,116,130
Houston County,"Property crime rate per 100,000 residents","1,151",911,"1,592","1,344","1,496","1,114","1,230",882,"1,080",982,"1,051","1,160",725,463,380,434,582,584
Houston County,Number of property crimes,227,181,315,265,293,218,240,171,207,187,200,219,136,87,71,81,109,109
Houston County,"Violent crime rate per 100,000 residents",66,60,96,132,77,97,97,46,63,42,74,69,85,107,70,75,37,113
Houston County,Number of violent crimes,13,12,19,26,15,19,19,9,12,8,14,13,16,20,13,14,7,21
Houston County,Total population,"19,718","19,863","19,784","19,715","19,582","19,573","19,506","19,392","19,159","19,051","19,027","18,878","18,767","18,779","18,704","18,685","18,719","18,660"
Hubbard County,"Serious crime rate per 100,000 residents","4,109","4,149","2,131","3,969","3,460","3,028","3,452","3,573","2,836","2,835","2,829","2,355","2,327","2,285","2,651","2,078","2,640","2,593"
Hubbard County,Total serious crimes,755,769,401,756,673,595,683,719,577,578,578,483,476,473,547,429,547,545
Hubbard County,"Property crime rate per 100,000 residents","3,924","3,971","2,024","3,790","3,275","2,890","3,265","3,404","2,723","2,698","2,756","2,272","2,234","2,150","2,530","2,015","2,500","2,474"
Hubbard County,Number of property crimes,721,736,381,722,637,568,646,685,554,550,563,466,457,445,522,416,518,520
Hubbard County,"Violent crime rate per 100,000 residents",185,178,106,178,185,137,187,169,113,137,73,83,93,135,121,63,140,119
Hubbard County,Number of violent crimes,34,33,20,34,36,27,37,34,23,28,15,17,19,28,25,13,29,25
Hubbard County,Total population,"18,376","18,533","18,820","19,049","19,453","19,652","19,783","20,123","20,346","20,389","20,428","20,513","20,454","20,700","20,634","20,646","20,719","21,018"
Isanti County,"Serious crime rate per 100,000 residents","2,173","2,248","2,041","2,023","2,419","2,519","1,866","2,153","2,354","1,722","1,555","1,990","1,602","1,873","2,041","2,133","2,012","1,983"
Isanti County,Total serious crimes,680,729,682,703,861,917,694,812,891,651,588,760,611,713,781,816,780,785
Isanti County,"Property crime rate per 100,000 residents","2,106","2,128","1,946","1,931","2,326","2,431","1,786","2,074","2,277","1,656","1,468","1,917","1,550","1,779","1,929","2,031","1,906","1,910"
Isanti County,Number of property crimes,659,690,650,671,828,885,664,782,862,626,555,732,591,677,738,777,739,756
Isanti County,"Violent crime rate per 100,000 residents",67,120,96,92,93,88,81,80,77,66,87,73,52,95,112,102,106,73
Isanti County,Number of violent crimes,21,39,32,32,33,32,30,30,29,25,33,28,20,36,43,39,41,29
Isanti County,Total population,"31,287","32,428","33,410","34,753","35,592","36,400","37,183","37,711","37,851","37,809","37,816","38,190","38,140","38,058","38,259","38,259","38,764","39,582"
Itasca County,"Serious crime rate per 100,000 residents","1,246","1,185","1,278","1,463","1,303","1,430","1,867","1,890","1,739","1,236","1,849","2,200","2,100","2,204","1,750","1,156","1,021",884
Itasca County,Total serious crimes,548,519,561,647,576,634,829,847,780,557,833,992,948,999,793,523,461,399
Itasca County,"Property crime rate per 100,000 residents","1,187","1,112","1,185","1,382","1,226","1,283","1,698","1,712","1,552","1,083","1,656","1,985","1,863","2,038","1,540","1,063",901,767
Itasca County,Number of property crimes,522,487,520,611,542,569,754,767,696,488,746,895,841,924,698,481,407,346
Itasca County,"Violent crime rate per 100,000 residents",59,73,93,81,77,147,169,179,187,153,193,215,237,165,210,93,120,117
Itasca County,Number of violent crimes,26,32,41,36,34,65,75,80,84,69,87,97,107,75,95,42,54,53
Itasca County,Total population,"43,992","43,810","43,882","44,212","44,221","44,338","44,405","44,809","44,852","45,066","45,058","45,098","45,145","45,331","45,322","45,246","45,149","45,137"
Jackson County,"Serious crime rate per 100,000 residents","1,518","1,917","2,083","2,511","1,926","1,406","1,228","1,226","1,283","1,333","1,364","1,422","1,038",944,"1,003",734,433,643
Jackson County,Total serious crimes,171,210,228,271,206,149,130,129,133,137,140,145,107,97,103,74,43,64
Jackson County,"Property crime rate per 100,000 residents","1,420","1,790","2,037","2,353","1,768","1,227","1,106","1,121","1,119","1,226","1,247","1,295",980,856,974,704,412,563
Jackson County,Number of property crimes,160,196,223,254,189,130,117,118,116,126,128,132,101,88,100,71,41,56
Jackson County,"Violent crime rate per 100,000 residents",98,128,46,157,159,179,123,105,164,107,117,128,58,88,29,30,20,80
Jackson County,Number of violent crimes,11,14,5,17,17,19,13,11,17,11,12,13,6,9,3,3,2,8
Jackson County,Total population,"11,268","10,952","10,945","10,794","10,693","10,595","10,583","10,523","10,364","10,276","10,266","10,194","10,308","10,279","10,271","10,082","9,942","9,946"
Kanabec County,"Serious crime rate per 100,000 residents","2,774","3,085","2,473","3,067","3,041","2,909","3,282","2,874","2,613","2,406","3,393","2,972","2,505","1,962","1,685","1,997","1,631","1,173"
Kanabec County,Total serious crimes,416,471,382,487,489,473,537,474,432,392,551,482,400,314,269,317,259,188
Kanabec County,"Property crime rate per 100,000 residents","2,554","2,922","2,324","2,922","2,854","2,675","3,062","2,577","2,365","2,099","3,005","2,719","2,255","1,762","1,541","1,871","1,492","1,030"
Kanabec County,Number of property crimes,383,446,359,464,459,435,501,425,391,342,488,441,360,282,246,297,237,165
Kanabec County,"Violent crime rate per 100,000 residents",220,164,149,145,187,234,220,297,248,307,388,253,251,200,144,126,139,144
Kanabec County,Number of violent crimes,33,25,23,23,30,38,36,49,41,50,63,41,40,32,23,20,22,23
Kanabec County,Total population,"14,996","15,266","15,449","15,877","16,080","16,259","16,360","16,495","16,535","16,294","16,239","16,219","15,967","16,003","15,960","15,872","15,882","16,024"
Kandiyohi County,"Serious crime rate per 100,000 residents","2,944","2,803","2,968","3,053","2,969","3,259","2,761","2,505","2,576","2,506","2,337","1,818","2,393","2,053","1,987","2,070","1,544","1,900"
Kandiyohi County,Total serious crimes,"1,213","1,157","1,219","1,263","1,231","1,352","1,147","1,043","1,078","1,054",987,767,"1,014",872,844,881,658,812
Kandiyohi County,"Property crime rate per 100,000 residents","2,704","2,602","2,754","2,877","2,798","3,040","2,528","2,303","2,359","2,321","2,133","1,661","2,221","1,914","1,806","1,887","1,375","1,666"
Kandiyohi County,Number of property crimes,"1,114","1,074","1,131","1,190","1,160","1,261","1,050",959,987,976,901,701,941,813,767,803,586,712
Kandiyohi County,"Violent crime rate per 100,000 residents",240,201,214,176,169,219,234,202,217,185,204,156,172,139,181,183,169,234
Kandiyohi County,Number of violent crimes,99,83,88,73,70,91,97,84,91,78,86,66,73,59,77,78,72,100
Kandiyohi County,Total population,"41,203","41,272","41,069","41,364","41,456","41,487","41,537","41,639","41,840","42,058","42,239","42,198","42,374","42,482","42,474","42,562","42,622","42,743"
Kittson County,"Serious crime rate per 100,000 residents","1,041","1,446","1,576","1,548","1,592","1,754","1,349","1,293","1,712",877,769,837,534,600,314,136,533,118
Kittson County,Total serious crimes,55,75,80,77,78,85,64,60,79,40,35,38,24,27,14,6,23,5
Kittson County,"Property crime rate per 100,000 residents","1,003","1,291","1,576","1,367","1,470","1,651","1,264","1,272","1,691",811,747,837,489,578,292,136,509,118
Kittson County,Number of property crimes,53,67,80,68,72,80,60,59,78,37,34,38,22,26,13,6,22,5
Kittson County,"Violent crime rate per 100,000 residents",38,154,0,181,122,103,84,22,22,66,22,0,44,22,22,0,23,0
Kittson County,Number of violent crimes,2,8,0,9,6,5,4,1,1,3,1,0,2,1,1,0,1,0
Kittson County,Total population,"5,285","5,188","5,075","4,974","4,898","4,846","4,746","4,640","4,614","4,561","4,552","4,540","4,497","4,498","4,453","4,402","4,318","4,250"
Koochiching County,"Serious crime rate per 100,000 residents","3,142","2,733","2,671","2,678","2,701","3,234","3,116","2,887","2,598","2,132","2,381","1,837","2,379","2,423","2,296","1,726",468,"1,365"
Koochiching County,Total serious crimes,451,386,374,374,376,448,427,392,349,283,317,243,313,317,295,221,59,171
Koochiching County,"Property crime rate per 100,000 residents","2,905","2,563","2,464","2,435","2,572","2,895","2,904","2,652","2,397","1,973","2,201","1,746","2,189","2,286","2,109","1,570",396,"1,237"
Koochiching County,Number of property crimes,417,362,345,340,358,401,398,360,322,262,293,231,288,299,271,201,50,155
Koochiching County,"Violent crime rate per 100,000 residents",237,170,207,243,129,339,212,236,201,158,180,91,190,138,187,156,71,128
Koochiching County,Number of violent crimes,34,24,29,34,18,47,29,32,27,21,24,12,25,18,24,20,9,16
Koochiching County,Total population,"14,355","14,124","14,001","13,965","13,919","13,851","13,705","13,577","13,432","13,276","13,311","13,228","13,157","13,082","12,847","12,804","12,618","12,528"
Lac qui Parle County,"Serious crime rate per 100,000 residents","1,165","1,643","1,090","1,065","1,147",687,"1,349","1,361","1,090",740,"1,019","1,122",815,771,565,568,712,643
Lac qui Parle County,Total serious crimes,94,130,86,83,88,52,100,101,80,54,74,81,58,54,39,39,48,43
Lac qui Parle County,"Property crime rate per 100,000 residents","1,103","1,579","1,065",988,"1,095",660,"1,281","1,200",981,698,964,"1,053",787,700,507,509,697,613
Lac qui Parle County,Number of property crimes,89,125,84,77,84,50,95,89,72,51,70,76,56,49,35,35,47,41
Lac qui Parle County,"Violent crime rate per 100,000 residents",62,63,25,77,52,26,67,162,109,41,55,69,28,71,58,58,15,30
Lac qui Parle County,Number of violent crimes,5,5,2,6,4,2,5,12,8,3,4,5,2,5,4,4,1,2
Lac qui Parle County,Total population,"8,067","7,914","7,891","7,793","7,674","7,574","7,415","7,419","7,342","7,302","7,259","7,219","7,120","7,003","6,899","6,870","6,743","6,685"
Lake County,"Serious crime rate per 100,000 residents","1,619","1,373","1,321","1,433",991,"1,516","1,487","1,170","1,499","1,159",865,853,584,971,698,474,371,295
Lake County,Total serious crimes,179,153,147,160,110,167,163,128,163,126,94,92,63,104,74,50,39,31
Lake County,"Property crime rate per 100,000 residents","1,519","1,292","1,222","1,281",982,"1,453","1,432","1,134","1,380","1,067",727,770,537,887,557,446,352,228
Lake County,Number of property crimes,168,144,136,143,109,160,157,124,150,116,79,83,58,95,59,47,37,24
Lake County,"Violent crime rate per 100,000 residents",99,81,99,152,9,64,55,37,120,92,138,83,46,84,142,28,19,67
Lake County,Number of violent crimes,11,9,11,17,1,7,6,4,13,10,15,9,5,9,15,3,2,7
Lake County,Total population,"11,058","11,145","11,128","11,162","11,100","11,014","10,962","10,938","10,872","10,872","10,866","10,781","10,794","10,708","10,599","10,544","10,516","10,524"
Lake of the Woods County,"Serious crime rate per 100,000 residents","1,681","1,797","1,965","2,722","2,454","2,080","1,828","2,616","1,357",569,371,199,456,460,309,207,184,240
Lake of the Woods County,Total serious crimes,76,80,85,119,108,91,79,110,56,23,15,8,18,18,12,8,7,9
Lake of the Woods County,"Property crime rate per 100,000 residents","1,636","1,752","1,896","2,562","2,318","1,943","1,736","2,497","1,235",470,321,125,405,409,232,78,158,214
Lake of the Woods County,Number of property crimes,74,78,82,112,102,85,75,105,51,19,13,5,16,16,9,3,6,8
Lake of the Woods County,"Violent crime rate per 100,000 residents",44,45,69,160,136,137,93,119,121,99,49,75,51,51,77,129,26,27
Lake of the Woods County,Number of violent crimes,2,2,3,7,6,6,4,5,5,4,2,3,2,2,3,5,1,1
Lake of the Woods County,Total population,"4,522","4,452","4,326","4,371","4,401","4,374","4,321","4,205","4,128","4,043","4,045","4,011","3,946","3,909","3,887","3,870","3,796","3,744"
Le Sueur County,"Serious crime rate per 100,000 residents",901,670,525,"1,106",947,"1,122","1,044","1,180","1,431","1,147",859,594,951,989,680,"1,266",920,722
Le Sueur County,Total serious crimes,229,172,136,292,254,303,287,329,398,318,238,165,263,274,189,351,255,203
Le Sueur County,"Property crime rate per 100,000 residents",853,635,471,"1,015",910,"1,062",961,"1,055","1,312","1,053",762,572,915,902,626,"1,169",891,694
Le Sueur County,Number of property crimes,217,163,122,268,244,287,264,294,365,292,211,159,253,250,174,324,247,195
Le Sueur County,"Violent crime rate per 100,000 residents",47,35,54,91,37,59,84,126,119,94,97,22,36,87,54,97,29,28
Le Sueur County,Number of violent crimes,12,9,14,24,10,16,23,35,33,26,27,6,10,24,15,27,8,8
Le Sueur County,Total population,"25,426","25,654","25,909","26,395","26,811","27,016","27,480","27,870","27,816","27,730","27,703","27,780","27,659","27,702","27,804","27,717","27,714","28,111"
Lincoln County,"Serious crime rate per 100,000 residents",124,79,"1,216","1,093","1,450",362,550,252,101,102,102,344,452,486,121,210,210,352
Lincoln County,Total serious crimes,8,5,76,68,89,22,33,15,6,6,6,20,26,28,7,12,12,20
Lincoln County,"Property crime rate per 100,000 residents",0,0,"1,072",964,"1,287",181,433,202,84,102,85,172,348,313,0,0,0,123
Lincoln County,Number of property crimes,0,0,67,60,79,11,26,12,5,6,5,10,20,18,0,0,0,7
Lincoln County,"Violent crime rate per 100,000 residents",124,79,144,129,163,181,117,50,17,0,17,172,104,174,121,210,210,229
Lincoln County,Number of violent crimes,8,5,9,8,10,11,7,3,1,0,1,10,6,10,7,12,12,13
Lincoln County,Total population,"6,429","6,335","6,248","6,222","6,138","6,074","6,003","5,949","5,937","5,892","5,896","5,808","5,755","5,756","5,766","5,711","5,708","5,678"
Lyon County,"Serious crime rate per 100,000 residents","1,097","1,040","2,505","2,511","2,350","2,010","2,008","2,303","2,394","1,921","1,814","1,816","1,897","1,750","1,661","1,436","1,249","1,459"
Lyon County,Total serious crimes,279,265,631,630,587,506,509,585,614,495,469,469,486,450,428,370,323,377
Lyon County,"Property crime rate per 100,000 residents","1,019",989,"2,374","2,371","2,178","1,906","1,894","2,098","2,152","1,742","1,667","1,689","1,733","1,649","1,529","1,304","1,164","1,301"
Lyon County,Number of property crimes,259,252,598,595,544,480,480,533,552,449,431,436,444,424,394,336,301,336
Lyon County,"Violent crime rate per 100,000 residents",79,51,131,139,172,103,114,205,242,179,147,128,164,101,132,132,85,159
Lyon County,Number of violent crimes,20,13,33,35,43,26,29,52,62,46,38,33,42,26,34,34,22,41
Lyon County,Total population,"25,425","25,474","25,191","25,091","24,981","25,178","25,347","25,403","25,646","25,768","25,857","25,820","25,624","25,720","25,761","25,771","25,861","25,831"
Mahnomen County,"Serious crime rate per 100,000 residents","3,911","4,606","4,674","4,756","4,506","4,581","1,080",486,"1,244","1,456",462,"2,631","2,380","1,773","5,307","3,422",18,"3,074"
Mahnomen County,Total serious crimes,203,240,244,248,235,242,57,26,67,78,25,144,131,97,292,186,1,172
Mahnomen County,"Property crime rate per 100,000 residents","3,276","3,780","3,966","4,258","4,065","3,899",777,318,947,"1,139",277,"2,229","2,071","1,425","4,889","2,852",18,"2,895"
Mahnomen County,Number of property crimes,170,197,207,222,212,206,41,17,51,61,15,122,114,78,269,155,1,162
Mahnomen County,"Violent crime rate per 100,000 residents",636,825,709,499,422,681,303,168,297,317,185,402,309,347,418,570,0,179
Mahnomen County,Number of violent crimes,33,43,37,26,22,36,16,9,16,17,10,22,17,19,23,31,0,10
Mahnomen County,Total population,"5,190","5,211","5,220","5,214","5,215","5,283","5,277","5,352","5,386","5,357","5,413","5,474","5,505","5,472","5,502","5,435","5,494","5,596"
Marshall County,"Serious crime rate per 100,000 residents","1,822","1,236","1,240","1,195","1,016","1,224","1,061",207,"1,204","1,509","1,081","1,237",148,0,0,11,534,192
Marshall County,Total serious crimes,185,123,123,119,101,121,104,20,115,143,102,117,14,0,0,1,50,18
Marshall County,"Property crime rate per 100,000 residents","1,723","1,226","1,200","1,114",885,"1,153",969,187,"1,131","1,424",953,"1,163",116,0,0,0,480,150
Marshall County,Number of property crimes,175,122,119,111,88,114,95,18,108,135,90,110,11,0,0,0,45,14
Marshall County,"Violent crime rate per 100,000 residents",98,10,40,80,131,71,92,21,73,84,127,74,32,0,0,11,53,43
Marshall County,Number of violent crimes,10,1,4,8,13,7,9,2,7,8,12,7,3,0,0,1,5,4
Marshall County,Total population,"10,155","9,948","9,919","9,962","9,938","9,889","9,802","9,651","9,551","9,478","9,439","9,458","9,469","9,430","9,420","9,408","9,371","9,356"
Martin County,"Serious crime rate per 100,000 residents","2,142","2,465","3,060","3,168","2,471","2,151","2,148","2,175","2,051","1,679","1,564","1,698","1,643","1,680","1,833","1,294","1,222","1,466"
Martin County,Total serious crimes,467,530,653,672,522,453,449,454,429,349,326,350,336,343,371,259,243,291
Martin County,"Property crime rate per 100,000 residents","1,922","2,344","2,882","3,055","2,381","2,060","2,053","2,117","1,941","1,592","1,497","1,630","1,545","1,645","1,715","1,229","1,111","1,395"
Martin County,Number of property crimes,419,504,615,648,503,434,429,442,406,331,312,336,316,336,347,246,221,277
Martin County,"Violent crime rate per 100,000 residents",220,121,178,113,90,90,96,57,110,87,67,68,98,34,119,65,111,71
Martin County,Number of violent crimes,48,26,38,24,19,19,20,12,23,18,14,14,20,7,24,13,22,14
Martin County,Total population,"21,802","21,500","21,341","21,209","21,126","21,063","20,901","20,878","20,914","20,790","20,840","20,617","20,456","20,421","20,238","20,020","19,890","19,850"
McLeod County,"Serious crime rate per 100,000 residents","3,166","3,230","2,454","2,825","2,606","2,218","2,359","2,427","2,259","2,160","1,880","1,774","2,106","1,978","1,801","1,534","1,483","1,516"
McLeod County,Total serious crimes,"1,105","1,135",869,"1,004",936,804,867,897,834,792,689,645,757,710,644,549,530,544
McLeod County,"Property crime rate per 100,000 residents","2,934","3,016","2,273","2,603","2,425","2,063","2,171","2,251","2,067","1,999","1,749","1,656","1,956","1,836","1,709","1,442","1,390","1,371"
McLeod County,Number of property crimes,"1,024","1,060",805,925,871,748,798,832,763,733,641,602,703,659,611,516,497,492
McLeod County,"Violent crime rate per 100,000 residents",232,213,181,222,181,154,188,176,192,161,131,118,150,142,92,92,92,145
McLeod County,Number of violent crimes,81,75,64,79,65,56,69,65,71,59,48,43,54,51,33,33,33,52
McLeod County,Total population,"34,898","35,144","35,408","35,541","35,923","36,250","36,749","36,961","36,917","36,662","36,651","36,354","35,942","35,898","35,759","35,791","35,748","35,884"
Meeker County,"Serious crime rate per 100,000 residents","2,954","2,817","2,723","2,507","2,690","2,667","2,158","1,923","1,607","1,425","2,116","1,591","1,871","1,399","1,504","1,193","1,087","1,306"
Meeker County,Total serious crimes,669,644,626,579,624,619,505,450,377,332,493,369,431,323,348,275,251,302
Meeker County,"Property crime rate per 100,000 residents","2,800","2,673","2,544","2,343","2,522","2,490","2,013","1,696","1,386","1,301","1,927","1,487","1,754","1,312","1,396","1,076",983,"1,146"
Meeker County,Number of property crimes,634,611,585,541,585,578,471,397,325,303,449,345,404,303,323,248,227,265
Meeker County,"Violent crime rate per 100,000 residents",155,144,178,165,168,177,145,226,222,124,189,103,117,87,108,117,104,160
Meeker County,Number of violent crimes,35,33,41,38,39,41,34,53,52,29,44,24,27,20,25,27,24,37
Meeker County,Total population,"22,644","22,862","22,991","23,092","23,200","23,213","23,402","23,407","23,454","23,298","23,300","23,195","23,039","23,096","23,138","23,059","23,099","23,131"
Mille Lacs County,"Serious crime rate per 100,000 residents","3,695","4,461","3,516","4,019","3,605","3,616","3,083","3,420","2,854","2,503","2,299","2,639","3,590","3,540","3,303","3,438","2,784","3,452"
Mille Lacs County,Total serious crimes,825,"1,020",829,974,891,919,798,893,747,654,600,682,920,908,844,876,713,893
Mille Lacs County,"Property crime rate per 100,000 residents","3,502","4,207","3,350","3,829","3,415","3,443","2,882","3,252","2,679","2,354","2,211","2,481","3,293","3,321","3,146","3,340","2,667","3,305"
Mille Lacs County,Number of property crimes,782,962,790,928,844,875,746,849,701,615,577,641,844,852,804,851,683,855
Mille Lacs County,"Violent crime rate per 100,000 residents",193,254,165,190,190,173,201,169,176,149,88,159,297,218,157,98,117,147
Mille Lacs County,Number of violent crimes,43,58,39,46,47,44,52,44,46,39,23,41,76,56,40,25,30,38
Mille Lacs County,Total population,"22,330","22,865","23,580","24,234","24,716","25,414","25,882","26,108","26,171","26,127","26,097","25,839","25,627","25,653","25,554","25,481","25,614","25,872"
Morrison County,"Serious crime rate per 100,000 residents","2,425","2,508","2,675","2,756","2,204","2,663","2,295","1,890","1,822","1,463","1,145","1,188","1,239","1,363","1,253","1,307",647,"1,037"
Morrison County,Total serious crimes,769,805,866,894,716,870,753,624,606,485,380,395,410,448,411,428,213,343
Morrison County,"Property crime rate per 100,000 residents","2,280","2,448","2,573","2,667","2,090","2,550","2,170","1,741","1,665","1,378","1,057","1,128","1,166","1,312","1,210","1,258",626,992
Morrison County,Number of property crimes,723,786,833,865,679,833,712,575,554,457,351,375,386,431,397,412,206,328
Morrison County,"Violent crime rate per 100,000 residents",145,59,102,89,114,113,125,148,156,84,87,60,73,52,43,49,21,45
Morrison County,Number of violent crimes,46,19,33,29,37,37,41,49,52,28,29,20,24,17,14,16,7,15
Morrison County,Total population,"31,712","32,102","32,373","32,434","32,489","32,669","32,813","33,024","33,267","33,156","33,198","33,250","33,094","32,857","32,804","32,756","32,920","33,064"
Mower County,"Serious crime rate per 100,000 residents","3,588","3,845","4,014","3,299","3,440","4,040","3,827","2,891","2,936","2,604","2,656","2,555","2,539","2,508","1,999","2,308","1,930","1,992"
Mower County,Total serious crimes,"1,385","1,490","1,552","1,278","1,338","1,562","1,481","1,118","1,136","1,016","1,040","1,006","1,001",987,787,907,759,788
Mower County,"Property crime rate per 100,000 residents","3,313","3,558","3,766","3,000","3,183","3,727","3,491","2,671","2,768","2,434","2,426","2,360","2,308","2,289","1,780","2,066","1,734","1,832"
Mower County,Number of property crimes,"1,279","1,379","1,456","1,162","1,238","1,441","1,351","1,033","1,071",950,950,929,910,901,701,812,682,725
Mower County,"Violent crime rate per 100,000 residents",275,286,248,299,257,313,336,220,168,169,230,196,231,219,218,242,196,159
Mower County,Number of violent crimes,106,111,96,116,100,121,130,85,65,66,90,77,91,86,86,95,77,63
Mower County,Total population,"38,603","38,755","38,663","38,735","38,900","38,659","38,697","38,672","38,695","39,023","39,163","39,370","39,421","39,358","39,371","39,305","39,329","39,566"
Murray County,"Serious crime rate per 100,000 residents","1,146","1,262","1,169","1,814","1,413","1,334","1,058",910,"1,142",821,653,753,583,694,"1,162",990,"1,205",791
Murray County,Total serious crimes,105,115,106,164,127,119,94,80,100,72,57,65,50,59,98,83,100,66
Murray County,"Property crime rate per 100,000 residents","1,091","1,185","1,114","1,748","1,302","1,267",991,853,"1,119",775,630,742,513,658,"1,103",954,"1,145",779
Murray County,Number of property crimes,100,108,101,158,117,113,88,75,98,68,55,64,44,56,93,80,95,65
Murray County,"Violent crime rate per 100,000 residents",55,77,55,66,111,67,68,57,23,46,23,12,70,35,59,36,60,12
Murray County,Number of violent crimes,5,7,5,6,10,6,6,5,2,4,2,1,6,3,5,3,5,1
Murray County,Total population,"9,165","9,111","9,066","9,041","8,989","8,919","8,884","8,788","8,755","8,771","8,725","8,630","8,573","8,507","8,433","8,386","8,300",8346
Nicollet County,"Serious crime rate per 100,000 residents","2,573","2,472","2,375","2,398","2,181","2,161","2,300","2,010","1,928","2,083","1,809","2,242","1,826","1,923","1,722","1,455","1,174","1,184"
Nicollet County,Total serious crimes,766,749,726,738,677,674,731,643,622,678,592,739,603,634,574,487,395,402
Nicollet County,"Property crime rate per 100,000 residents","2,429","2,324","2,261","2,300","2,088","2,049","2,159","1,919","1,804","1,960","1,702","2,145","1,732","1,765","1,581","1,342","1,105","1,072"
Nicollet County,Number of property crimes,723,704,691,708,648,639,686,614,582,638,557,707,572,582,527,449,372,364
Nicollet County,"Violent crime rate per 100,000 residents",144,149,115,97,93,112,142,91,124,123,107,97,94,158,141,114,68,112
Nicollet County,Number of violent crimes,43,45,35,30,29,35,45,29,40,40,35,32,31,52,47,38,23,38
Nicollet County,Total population,"29,771","30,297","30,565","30,782","31,036","31,193","31,779","31,989","32,261","32,546","32,727","32,962","33,016","32,972","33,326","33,464","33,656","33,966"
Nobles County,"Serious crime rate per 100,000 residents","1,949","2,370","2,061","2,013","1,774","1,613","1,689","1,901","1,680","2,355","1,483","1,564","1,169","1,051","1,235","1,155","1,117","1,217"
Nobles County,Total serious crimes,406,494,426,416,366,334,348,394,355,502,317,338,254,229,268,252,246,267
Nobles County,"Property crime rate per 100,000 residents","1,815","2,178","1,940","1,882","1,697","1,516","1,490","1,747","1,467","2,158","1,338","1,402","1,054",899,"1,115",986,999,"1,103"
Nobles County,Number of property crimes,378,454,401,389,350,314,307,362,310,460,286,303,229,196,242,215,220,242
Nobles County,"Violent crime rate per 100,000 residents",134,192,121,131,78,97,199,154,213,197,145,162,115,151,120,170,118,114
Nobles County,Number of violent crimes,28,40,25,27,16,20,41,32,45,42,31,35,25,33,26,37,26,25
Nobles County,Total population,"20,832","20,847","20,665","20,667","20,629","20,709","20,608","20,723","21,126","21,318","21,378","21,610","21,726","21,795","21,702","21,811","22,016","21,944"
Norman County,"Serious crime rate per 100,000 residents","1,102","1,187",985,"1,363","1,067",866,906,977,716,44,686,0,0,30,"1,032",0,46,76
Norman County,Total serious crimes,82,87,72,98,76,61,63,67,49,3,47,0,0,2,68,0,3,5
Norman County,"Property crime rate per 100,000 residents","1,008","1,133",862,"1,224",913,809,877,918,628,29,613,0,0,30,"1,017",0,46,76
Norman County,Number of property crimes,75,83,63,88,65,57,61,63,43,2,42,0,0,2,67,0,3,5
Norman County,"Violent crime rate per 100,000 residents",94,55,123,139,154,57,29,58,88,15,73,0,0,0,15,0,0,0
Norman County,Number of violent crimes,7,4,9,10,11,4,2,4,6,1,5,0,0,0,1,0,0,0
Norman County,Total population,"7,442","7,328","7,312","7,188","7,120","7,047","6,952","6,860","6,842","6,815","6,852","6,812","6,605","6,604","6,586","6,619","6,538","6,597"
Olmsted County,"Serious crime rate per 100,000 residents","2,475","3,164","2,682","2,880","2,453","2,353","2,441","2,406","2,525","2,482","2,100","2,079","2,295","2,106","1,814","2,031","1,985","1,763"
Olmsted County,Total serious crimes,"3,076","4,010","3,463","3,778","3,267","3,176","3,352","3,353","3,573","3,562","3,029","3,031","3,372","3,136","2,722","3,073","3,040","2,731"
Olmsted County,"Property crime rate per 100,000 residents","2,243","2,938","2,479","2,651","2,251","2,136","2,215","2,191","2,318","2,281","1,909","1,912","2,124","1,946","1,656","1,873","1,806","1,585"
Olmsted County,Number of property crimes,"2,787","3,723","3,201","3,478","2,998","2,883","3,041","3,054","3,281","3,274","2,753","2,788","3,121","2,898","2,485","2,834","2,766","2,455"
Olmsted County,"Violent crime rate per 100,000 residents",233,226,203,229,202,217,227,215,206,201,191,167,171,160,158,158,179,178
Olmsted County,Number of violent crimes,289,287,262,300,269,293,311,299,292,288,276,243,251,238,237,239,274,276
Olmsted County,Total population,"124,277","126,737","129,132","131,196","133,195","134,953","137,293","139,369","141,527","143,521","144,248","145,819","146,931","148,918","150,058","151,334","153,183","154,930"
Otter Tail County,"Serious crime rate per 100,000 residents","2,057","2,055","2,185","1,906","1,909","1,973","1,703","1,784","1,678","1,599","1,305","1,486","1,725","1,730","1,582","1,715","1,590","1,567"
Otter Tail County,Total serious crimes,"1,176","1,173","1,251","1,096","1,099","1,133",983,"1,029",968,917,748,851,987,995,910,988,922,914
Otter Tail County,"Property crime rate per 100,000 residents","1,972","1,945","2,019","1,773","1,775","1,848","1,573","1,684","1,590","1,514","1,249","1,386","1,624","1,609","1,464","1,583","1,507","1,484"
Otter Tail County,Number of property crimes,"1,127","1,110","1,156","1,020","1,022","1,061",908,971,917,868,716,794,929,925,842,912,874,866
Otter Tail County,"Violent crime rate per 100,000 residents",86,110,166,132,134,125,130,101,88,85,56,100,101,122,118,132,83,82
Otter Tail County,Number of violent crimes,49,63,95,76,77,72,75,58,51,49,32,57,58,70,68,76,48,48
Otter Tail County,Total population,"57,159","57,076","57,245","57,515","57,576","57,420","57,732","57,677","57,691","57,333","57,303","57,279","57,220","57,504","57,521","57,599","57,981","58,345"
Pennington County,"Serious crime rate per 100,000 residents","2,856","3,014","2,866","2,984","2,683","2,676","2,209","1,922","2,030","1,809","1,342","2,403","2,239","1,585","2,608","2,393",884,"2,423"
Pennington County,Total serious crimes,388,403,390,406,366,365,305,266,281,251,187,338,316,224,368,341,126,345
Pennington County,"Property crime rate per 100,000 residents","2,716","2,924","2,697","2,720","2,507","2,537","2,114","1,879","1,943","1,737","1,271","2,233","2,090","1,486","2,452","2,267",828,"2,318"
Pennington County,Number of property crimes,369,391,367,370,342,346,292,260,269,241,177,314,295,210,346,323,118,330
Pennington County,"Violent crime rate per 100,000 residents",140,90,169,265,176,139,94,43,87,72,72,171,149,99,156,126,56,105
Pennington County,Number of violent crimes,19,12,23,36,24,19,13,6,12,10,10,24,21,14,22,18,8,15
Pennington County,Total population,"13,584","13,373","13,607","13,604","13,640","13,639","13,810","13,840","13,842","13,873","13,930","14,064","14,112","14,134","14,113","14,248","14,251","14,238"
Pine County,"Serious crime rate per 100,000 residents","3,438","2,853","4,134","3,535","4,473","3,334","3,884","2,503","3,049","3,456","2,763","2,222","3,798","4,777","5,085","4,373","3,283","3,955"
Pine County,Total serious crimes,912,774,"1,142",988,"1,267",954,"1,121",731,903,"1,025",822,658,"1,109","1,389","1,479","1,270",948,"1,155"
Pine County,"Property crime rate per 100,000 residents","3,276","2,724","3,859","3,414","4,311","3,128","3,708","2,372","2,901","3,291","2,639","2,103","3,596","4,495","4,824","4,187","3,013","3,732"
Pine County,Number of property crimes,869,739,"1,066",954,"1,221",895,"1,070",693,859,976,785,623,"1,050","1,307","1,403","1,216",870,"1,090"
Pine County,"Violent crime rate per 100,000 residents",162,129,275,122,162,206,177,130,149,165,124,118,202,282,261,186,270,223
Pine County,Number of violent crimes,43,35,76,34,46,59,51,38,44,49,37,35,59,82,76,54,78,65
Pine County,Total population,"26,530","27,125","27,627","27,946","28,323","28,616","28,860","29,210","29,614","29,655","29,750","29,618","29,199","29,075","29,084","29,045","28,877","29,203"
Pipestone County,"Serious crime rate per 100,000 residents","2,072","1,269","1,079",756,771,878,"1,011",651,851,800,"1,230",756,724,957,762,"1,254",685,781
Pipestone County,Total serious crimes,205,125,105,73,74,83,96,62,82,77,118,72,68,89,71,116,63,71
Pipestone County,"Property crime rate per 100,000 residents","1,971","1,197","1,018",714,771,825,979,630,800,790,"1,219",693,702,935,730,"1,232",653,770
Pipestone County,Number of property crimes,195,118,99,69,74,78,93,60,77,76,117,66,66,87,68,114,60,70
Pipestone County,"Violent crime rate per 100,000 residents",101,71,62,41,0,53,32,21,52,10,10,63,21,22,32,22,33,11
Pipestone County,Number of violent crimes,10,7,6,4,0,5,3,2,5,1,1,6,2,2,3,2,3,1
Pipestone County,Total population,"9,895","9,854","9,727","9,662","9,598","9,453","9,496","9,520","9,631","9,624","9,596","9,528","9,397","9,300","9,313","9,254","9,193","9,087"
Polk County,"Serious crime rate per 100,000 residents","2,671","2,875","2,833","2,502","1,830","1,865","1,870","1,839","1,787","1,722","1,826","1,576","2,149","1,916","1,563","1,087","1,694","1,423"
Polk County,Total serious crimes,838,894,877,775,569,581,583,575,557,541,577,497,677,606,492,342,536,450
Polk County,"Property crime rate per 100,000 residents","2,458","2,692","2,597","2,343","1,672","1,711","1,662","1,631","1,543","1,547","1,617","1,418","1,889","1,780","1,350",909,"1,517","1,287"
Polk County,Number of property crimes,771,837,804,726,520,533,518,510,481,486,511,447,595,563,425,286,480,407
Polk County,"Violent crime rate per 100,000 residents",214,183,236,158,158,154,209,208,244,175,209,159,260,136,213,178,177,136
Polk County,Number of violent crimes,67,57,73,49,49,48,65,65,76,55,66,50,82,43,67,56,56,43
Polk County,Total population,"31,369","31,096","30,958","30,980","31,093","31,148","31,170","31,273","31,175","31,423","31,600","31,533","31,505","31,635","31,474","31,458","31,635","31,619"
Pope County,"Serious crime rate per 100,000 residents","1,611","1,605","1,374","1,316",966,763,602,965,821,743,737,596,881,"1,241",769,"1,089",584,985
Pope County,Total serious crimes,181,179,154,147,108,85,67,107,91,82,81,65,96,135,84,119,64,108
Pope County,"Property crime rate per 100,000 residents","1,566","1,587","1,240","1,271",876,691,521,902,767,725,673,550,808,"1,149",668,"1,053",538,939
Pope County,Number of property crimes,176,177,139,142,98,77,58,100,85,80,74,60,88,125,73,115,59,103
Pope County,"Violent crime rate per 100,000 residents",44,18,134,45,89,72,81,63,54,18,64,46,73,92,101,37,46,46
Pope County,Number of violent crimes,5,2,15,5,10,8,9,7,6,2,7,5,8,10,11,4,5,5
Pope County,Total population,"11,236","11,153","11,206","11,171","11,183","11,142","11,138","11,087","11,084","11,034","10,995","10,912","10,892","10,880","10,923","10,926","10,961","10,970"
Ramsey County,"Serious crime rate per 100,000 residents","5,267","5,564","5,266","5,014","4,831","5,060","4,617","4,411","4,403","4,225","4,277","4,104","4,225","3,922","3,733","3,360","3,475","3,794"
Ramsey County,Total serious crimes,"26,914","28,539","26,886","25,368","24,206","25,175","22,955","22,039","22,143","21,402","21,755","21,174","22,029","20,699","19,913","18,059","18,864","20,790"
Ramsey County,"Property crime rate per 100,000 residents","4,728","5,059","4,743","4,520","4,285","4,503","4,048","3,869","3,906","3,745","3,802","3,681","3,759","3,449","3,311","2,912","3,042","3,352"
Ramsey County,Number of property crimes,"24,160","25,951","24,217","22,869","21,470","22,407","20,125","19,328","19,644","18,973","19,339","18,991","19,598","18,204","17,661","15,655","16,514","18,368"
Ramsey County,"Violent crime rate per 100,000 residents",539,505,523,494,546,556,569,543,497,479,475,423,466,473,422,447,433,442
Ramsey County,Number of violent crimes,"2,754","2,588","2,669","2,499","2,735","2,768","2,830","2,711","2,499","2,429","2,416","2,183","2,431","2,495","2,252","2,404","2,350","2,422"
Ramsey County,Total population,"511,035","512,926","510,581","505,958","501,104","497,560","497,158","499,605","502,890","506,590","508,640","515,873","521,356","527,770","533,367","537,542","542,812","547,974"
Red Lake County,"Serious crime rate per 100,000 residents","1,698","1,498",758,566,258,382,25,318,293,436,489,637,49,471,350,397,200,397
Red Lake County,Total serious crimes,73,64,32,24,11,16,1,13,12,18,20,26,2,19,14,16,8,16
Red Lake County,"Property crime rate per 100,000 residents","1,628","1,498",734,543,258,358,0,293,268,315,416,539,49,422,325,323,200,397
Red Lake County,Number of property crimes,70,64,31,23,11,15,0,12,11,13,17,22,2,17,13,13,8,16
Red Lake County,"Violent crime rate per 100,000 residents",70,0,24,24,0,24,25,24,24,121,73,98,0,50,25,74,0,0
Red Lake County,Number of violent crimes,3,0,1,1,0,1,1,1,1,5,3,4,0,2,1,3,0,0
Red Lake County,Total population,"4,299","4,273","4,224","4,239","4,259","4,191","4,077","4,093","4,097","4,130","4,089","4,084","4,061","4,032","3,996","4,029","3,996","4,030"
Redwood County,"Serious crime rate per 100,000 residents","1,772","2,268","2,299","2,523","2,482","2,354","2,475","2,236","2,298","1,724","1,625","1,517","1,599","1,154","1,494","1,504","1,654","1,454"
Redwood County,Total serious crimes,298,378,379,413,405,379,399,359,370,276,261,243,253,181,232,232,252,222
Redwood County,"Property crime rate per 100,000 residents","1,570","2,004","2,044","2,315","2,335","2,130","2,252","2,012","2,118","1,549","1,457","1,373","1,410","1,001","1,397","1,329","1,510","1,310"
Redwood County,Number of property crimes,264,334,337,379,381,343,363,323,341,248,234,220,223,157,217,205,230,200
Redwood County,"Violent crime rate per 100,000 residents",202,264,255,208,147,224,223,224,180,175,168,144,190,153,97,175,144,144
Redwood County,Number of violent crimes,34,44,42,34,24,36,36,36,29,28,27,23,30,24,15,27,22,22
Redwood County,Total population,"16,815","16,666","16,487","16,372","16,320","16,100","16,119","16,053","16,103","16,011","16,059","16,023","15,819","15,686","15,532","15,425","15,236","15,272"
Renville County,"Serious crime rate per 100,000 residents","2,093","2,222","1,938","1,808","2,095","2,173","1,557","1,867","1,364","1,112","1,856","1,284",831,"1,275","1,045","1,894","1,797","1,728"
Renville County,Total serious crimes,359,375,327,303,348,360,255,303,217,176,292,198,127,192,156,280,262,253
Renville County,"Property crime rate per 100,000 residents","1,854","2,050","1,897","1,677","1,951","1,998","1,466","1,695","1,251",985,"1,716","1,200",792,"1,248",952,"1,759","1,660","1,618"
Renville County,Number of property crimes,318,346,320,281,324,331,240,275,199,156,270,185,121,188,142,260,242,237
Renville County,"Violent crime rate per 100,000 residents",239,172,41,131,144,175,92,173,113,126,140,84,39,27,94,135,137,109
Renville County,Number of violent crimes,41,29,7,22,24,29,15,28,18,20,22,13,6,4,14,20,20,16
Renville County,Total population,"17,154","16,880","16,869","16,757","16,609","16,565","16,374","16,227","15,911","15,832","15,730","15,423","15,282","15,063","14,923","14,781","14,580","14,645"
Rice County,"Serious crime rate per 100,000 residents","3,477","3,463","3,418","2,914","2,986","3,048","3,296","2,884","2,023","2,219","2,443","1,921","2,247","2,166","1,733","1,636","1,570","1,519"
Rice County,Total serious crimes,"1,970","1,999","1,998","1,731","1,796","1,854","2,040","1,799","1,276","1,417","1,567","1,238","1,448","1,400","1,125","1,066","1,030","1,002"
Rice County,"Property crime rate per 100,000 residents","3,265","3,279","3,247","2,743","2,821","2,872","3,118","2,743","1,914","2,048","2,292","1,786","2,110","1,983","1,577","1,527","1,415","1,346"
Rice County,Number of property crimes,"1,850","1,893","1,898","1,629","1,697","1,747","1,930","1,711","1,207","1,308","1,470","1,151","1,360","1,282","1,024",995,928,888
Rice County,"Violent crime rate per 100,000 residents",212,184,171,172,165,176,178,141,109,171,151,135,137,183,156,109,156,173
Rice County,Number of violent crimes,120,106,100,102,99,107,110,88,69,109,97,87,88,118,101,71,102,114
Rice County,Total population,"56,665","57,731","58,452","59,395","60,146","60,832","61,899","62,387","63,061","63,859","64,142","64,457","64,442","64,635","64,917","65,149","65,588","65,968"
Rock County,"Serious crime rate per 100,000 residents",833,"1,588","1,208","1,038",674,956,989,"1,471","1,459","2,155",537,"1,156","1,572","1,633","1,801","1,471","1,126",917
Rock County,Total serious crimes,81,154,117,100,64,91,94,141,140,208,52,111,149,154,169,139,106,87
Rock County,"Property crime rate per 100,000 residents",772,"1,516","1,001",872,505,693,716,"1,085",938,"1,305",289,448,675,859,671,688,744,875
Rock County,Number of property crimes,75,147,97,84,48,66,68,104,90,126,28,43,64,81,63,65,70,83
Rock County,"Violent crime rate per 100,000 residents",62,72,206,166,168,263,274,386,521,850,248,708,897,774,"1,130",783,382,42
Rock County,Number of violent crimes,6,7,20,16,16,25,26,37,50,82,24,68,85,73,106,74,36,4
Rock County,Total population,"9,721","9,696","9,688","9,631","9,501","9,520","9,502","9,588","9,597","9,652","9,687","9,599","9,481","9,428","9,384","9,452","9,413","9,490"
Roseau County,"Serious crime rate per 100,000 residents","2,057","2,017","1,876","2,282","1,796","1,554","1,690","1,686","1,500",916,614,509,903,"1,433","1,479","1,805","1,086",711
Roseau County,Total serious crimes,336,326,302,369,290,252,271,269,239,145,96,79,140,222,232,282,169,109
Roseau County,"Property crime rate per 100,000 residents","1,983","1,943","1,838","2,264","1,771","1,536","1,684","1,679","1,356",827,537,451,825,"1,420","1,467","1,792","1,080",646
Roseau County,Number of property crimes,324,314,296,366,286,249,270,268,216,131,84,70,128,220,230,280,168,99
Roseau County,"Violent crime rate per 100,000 residents",73,74,37,19,25,19,6,6,144,88,77,58,77,13,13,13,6,65
Roseau County,Number of violent crimes,12,12,6,3,4,3,1,1,23,14,12,9,12,2,2,2,1,10
Roseau County,Total population,"16,338","16,164","16,101","16,168","16,150","16,212","16,031","15,959","15,935","15,836","15,629","15,514","15,510","15,497","15,681","15,622","15,559","15,327"
Scott County,"Serious crime rate per 100,000 residents","2,925","2,668","2,625","2,464","2,474","2,455","2,638","2,495","2,309","2,284","2,235","2,105","2,012","1,813","1,598","1,708","1,553","1,579"
Scott County,Total serious crimes,"2,618","2,585","2,694","2,641","2,786","2,875","3,192","3,095","2,923","2,935","2,904","2,791","2,719","2,490","2,225","2,416","2,228","2,303"
Scott County,"Property crime rate per 100,000 residents","2,763","2,528","2,479","2,342","2,355","2,320","2,503","2,356","2,175","2,132","2,077","1,994","1,899","1,717","1,502","1,593","1,440","1,478"
Scott County,Number of property crimes,"2,473","2,450","2,544","2,511","2,652","2,717","3,029","2,922","2,754","2,740","2,699","2,644","2,567","2,358","2,092","2,253","2,066","2,156"
Scott County,"Violent crime rate per 100,000 residents",162,139,146,121,119,135,135,139,133,152,158,111,112,96,96,115,113,101
Scott County,Number of violent crimes,145,135,150,130,134,158,163,173,169,195,205,147,152,132,133,163,162,147
Scott County,Total population,"89,498","96,903","102,623","107,204","112,605","117,111","121,013","124,050","126,613","128,530","129,928","132,571","135,166","137,344","139,252","141,453","143,438","145,827"
Sherburne County,"Serious crime rate per 100,000 residents","1,630","2,048","2,286","2,066","2,190","2,248","2,391","2,492","2,040","1,631","1,503","1,498","1,490","1,140","1,248","1,276","1,135","1,089"
Sherburne County,Total serious crimes,"1,050","1,397","1,643","1,545","1,710","1,825","2,010","2,142","1,785","1,433","1,330","1,337","1,333","1,027","1,134","1,166","1,058","1,030"
Sherburne County,"Property crime rate per 100,000 residents","1,555","1,957","2,199","1,958","2,092","2,110","2,279","2,368","1,940","1,554","1,406","1,426","1,412","1,075","1,185","1,209","1,053","1,027"
Sherburne County,Number of property crimes,"1,002","1,335","1,580","1,464","1,634","1,713","1,916","2,036","1,697","1,366","1,244","1,273","1,263",968,"1,077","1,105",982,971
Sherburne County,"Violent crime rate per 100,000 residents",75,91,88,108,97,138,112,123,101,76,97,72,78,66,63,67,82,62
Sherburne County,Number of violent crimes,48,62,63,81,76,112,94,106,88,67,86,64,70,59,57,61,76,59
Sherburne County,Total population,"64,417","68,220","71,867","74,771","78,091","81,179","84,079","85,968","87,495","87,880","88,499","89,254","89,452","90,072","90,867","91,377","93,236","94,570"
Sibley County,"Serious crime rate per 100,000 residents",339,494,515,590,342,331,330,334,111,20,53,33,0,0,0,61,683,148
Sibley County,Total serious crimes,52,76,79,90,52,50,50,51,17,3,8,5,0,0,0,9,101,22
Sibley County,"Property crime rate per 100,000 residents",339,481,515,590,342,324,330,321,111,20,53,33,0,0,0,34,575,81
Sibley County,Number of property crimes,52,74,79,90,52,49,50,49,17,3,8,5,0,0,0,5,85,12
Sibley County,"Violent crime rate per 100,000 residents",0,13,0,0,0,7,0,13,0,0,0,0,0,0,0,27,108,67
Sibley County,Number of violent crimes,0,2,0,0,0,1,0,2,0,0,0,0,0,0,0,4,16,10
Sibley County,Total population,"15,356","15,395","15,345","15,254","15,202","15,126","15,164","15,263","15,283","15,140","15,226","15,157","15,071","15,029","14,898","14,853","14,792","14,869"
St. Louis County,"Serious crime rate per 100,000 residents","3,328","4,153","4,169","4,011","3,868","3,486","3,595","3,767","3,644","3,566","3,452","3,480","3,295","3,541","3,240","3,308","3,322","3,188"
St. Louis County,Total serious crimes,"6,674","8,361","8,359","8,026","7,709","6,918","7,130","7,492","7,278","7,140","6,912","6,972","6,601","7,097","6,501","6,628","6,645","6,375"
St. Louis County,"Property crime rate per 100,000 residents","3,093","3,908","3,895","3,774","3,649","3,224","3,279","3,464","3,380","3,310","3,221","3,251","3,051","3,296","2,998","3,037","3,085","2,968"
St. Louis County,Number of property crimes,"6,203","7,868","7,811","7,551","7,272","6,397","6,504","6,890","6,752","6,626","6,450","6,515","6,112","6,606","6,017","6,085","6,170","5,936"
St. Louis County,"Violent crime rate per 100,000 residents",235,245,273,237,219,263,316,303,263,257,231,228,244,245,241,271,237,220
St. Louis County,Number of violent crimes,471,493,548,475,437,521,626,602,526,514,462,457,489,491,484,543,475,439
St. Louis County,Total population,"200,528","201,307","200,519","200,076","199,304","198,443","198,357","198,903","199,745","200,198","200,226","200,372","200,329","200,441","200,669","200,343","200,018","200,000"
Stearns County,"Serious crime rate per 100,000 residents","3,628","3,313","3,698","3,315","3,344","3,342","3,659","3,425","3,508","3,110","2,970","3,087","2,926","3,202","3,016","3,358","3,089","2,983"
Stearns County,Total serious crimes,"4,831","4,481","5,067","4,588","4,674","4,740","5,279","5,021","5,202","4,655","4,474","4,672","4,444","4,886","4,640","5,226","4,837","4,708"
Stearns County,"Property crime rate per 100,000 residents","3,327","3,083","3,479","3,099","3,088","3,092","3,387","3,179","3,237","2,884","2,751","2,867","2,684","2,996","2,793","3,141","2,836","2,753"
Stearns County,Number of property crimes,"4,430","4,170","4,767","4,289","4,316","4,385","4,886","4,660","4,800","4,317","4,144","4,338","4,076","4,572","4,298","4,888","4,440","4,345"
Stearns County,"Violent crime rate per 100,000 residents",301,230,219,216,256,250,272,246,271,226,219,221,242,206,222,217,254,230
Stearns County,Number of violent crimes,401,311,300,299,358,355,393,361,402,338,330,334,368,314,342,338,397,363
Stearns County,Total population,"133,166","135,241","137,006","138,401","139,788","141,813","144,256","146,591","148,307","149,696","150,642","151,334","151,881","152,612","153,858","155,636","156,571","157,822"
Steele County,"Serious crime rate per 100,000 residents","2,987","3,054","3,092","2,688","2,958","3,090","2,583","2,534","1,669","1,706","1,750","1,799","2,118","2,294","2,118","2,318","2,082","1,564"
Steele County,Total serious crimes,"1,006","1,043","1,061",932,"1,038","1,099",931,921,610,626,640,658,769,834,773,849,764,577
Steele County,"Property crime rate per 100,000 residents","2,824","2,887","2,923","2,535","2,779","2,921","2,486","2,427","1,581","1,581","1,643","1,679","2,024","2,173","2,012","2,130","1,937","1,448"
Steele County,Number of property crimes,951,986,"1,003",879,975,"1,039",896,882,578,580,601,614,735,790,734,780,711,534
Steele County,"Violent crime rate per 100,000 residents",163,167,169,153,180,169,97,107,88,125,107,120,94,121,107,188,144,117
Steele County,Number of violent crimes,55,57,58,53,63,60,35,39,32,46,39,44,34,44,39,69,53,43
Steele County,Total population,"33,680","34,154","34,318","34,669","35,090","35,568","36,040","36,342","36,558","36,684","36,576","36,566","36,307","36,362","36,489","36,621","36,703","36,887"
Stevens County,"Serious crime rate per 100,000 residents","1,701","2,082","1,881","1,307","1,441","1,682","1,819","2,195","2,049","1,993","2,159","1,822","1,941","1,437","1,586","1,475","1,447","1,007"
Stevens County,Total serious crimes,171,208,187,130,142,165,177,212,199,194,210,177,189,140,156,145,141,97
Stevens County,"Property crime rate per 100,000 residents","1,602","1,992","1,750","1,086","1,299","1,468","1,603","2,081","1,874","1,870","2,015","1,709","1,828","1,313","1,454","1,342","1,282",924
Stevens County,Number of property crimes,161,199,174,108,128,144,156,201,182,182,196,166,178,128,143,132,125,89
Stevens County,"Violent crime rate per 100,000 residents",99,90,131,221,142,214,216,114,175,123,144,113,113,123,132,132,164,83
Stevens County,Number of violent crimes,10,9,13,22,14,21,21,11,17,12,14,11,11,12,13,13,16,8
Stevens County,Total population,"10,053","9,988","9,942","9,945","9,857","9,807","9,729","9,660","9,711","9,735","9,726","9,713","9,736","9,745","9,838","9,833","9,747","9,634"
Swift County,"Serious crime rate per 100,000 residents","1,213","1,711","1,685","2,359","1,896","1,231","1,739","2,148","1,565","1,649","1,554","1,705","1,795","1,707","1,045",822,498,415
Swift County,Total serious crimes,145,192,185,255,200,126,176,216,156,162,152,165,173,163,99,77,47,39
Swift County,"Property crime rate per 100,000 residents","1,163","1,578","1,585","2,248","1,772","1,143","1,660","1,998","1,395","1,557","1,441","1,632","1,598","1,592",960,705,413,330
Swift County,Number of property crimes,139,177,174,243,187,117,168,201,139,153,141,158,154,152,91,66,39,31
Swift County,"Violent crime rate per 100,000 residents",50,134,100,111,123,88,79,149,171,92,112,72,197,115,84,117,85,85
Swift County,Number of violent crimes,6,15,11,12,13,9,8,15,17,9,11,7,19,11,8,11,8,8
Swift County,Total population,"11,956","11,220","10,981","10,811","10,551","10,232","10,119","10,058","9,966","9,827","9,783","9,680","9,636","9,550","9,477","9,363","9,444","9,407"
Todd County,"Serious crime rate per 100,000 residents","2,256","2,430","2,759","2,215","2,326","2,154","1,877","2,027","1,758","1,506","1,848","1,832","1,679","1,519","1,552","1,438","1,348","1,285"
Todd County,Total serious crimes,551,597,675,542,573,530,462,503,437,374,460,456,414,372,378,350,329,315
Todd County,"Property crime rate per 100,000 residents","2,141","2,263","2,637","2,039","2,168","1,983","1,783","1,946","1,649","1,421","1,779","1,748","1,525","1,408","1,457","1,298","1,225","1,220"
Todd County,Number of property crimes,523,556,645,499,534,488,439,483,410,353,443,435,376,345,355,316,299,299
Todd County,"Violent crime rate per 100,000 residents",115,167,123,176,158,171,93,81,109,85,68,84,154,110,94,140,123,65
Todd County,Number of violent crimes,28,41,30,43,39,42,23,20,27,21,17,21,38,27,23,34,30,16
Todd County,Total population,"24,426","24,567","24,463","24,467","24,633","24,608","24,620","24,819","24,859","24,839","24,895","24,891","24,656","24,496","24,363","24,339","24,404","24,515"
Traverse County,"Serious crime rate per 100,000 residents","1,379",452,789,386,"2,428","1,694","1,660","1,483","2,227","2,194","2,164","2,121","1,175",0,"1,865",743,"1,957","1,416"
Traverse County,Total serious crimes,57,18,31,15,94,65,63,55,81,79,77,74,40,0,63,25,65,47
Traverse County,"Property crime rate per 100,000 residents","1,282",427,662,309,"2,222","1,433","1,607","1,294","1,952","1,944","1,855","1,920","1,087",0,"1,717",713,"1,776","1,296"
Traverse County,Number of property crimes,53,17,26,12,86,55,61,48,71,70,66,67,37,0,58,24,59,43
Traverse County,"Violent crime rate per 100,000 residents",97,25,127,77,207,261,53,189,275,250,309,201,88,0,148,30,181,121
Traverse County,Number of violent crimes,4,1,5,3,8,10,2,7,10,9,11,7,3,0,5,1,6,4
Traverse County,Total population,"4,134","3,978","3,929","3,883","3,871","3,838","3,795","3,709","3,637","3,600","3,558","3,489","3,405","3,401","3,378","3,367","3,322","3,319"
Wabasha County,"Serious crime rate per 100,000 residents","1,902","2,003","1,738","1,521","1,499","1,147",985,"1,184","1,065",966,"1,301","1,185","1,007","1,164",923,487,788,777
Wabasha County,Total serious crimes,411,436,378,332,326,249,215,257,232,210,282,256,217,251,198,104,169,168
Wabasha County,"Property crime rate per 100,000 residents","1,800","1,893","1,706","1,453","1,425","1,073",953,"1,138","1,010",925,"1,204","1,139",966,"1,062",825,463,723,708
Wabasha County,Number of property crimes,389,412,371,317,310,233,208,247,220,201,261,246,208,229,177,99,155,153
Wabasha County,"Violent crime rate per 100,000 residents",102,110,32,69,74,74,32,46,55,41,97,46,42,102,98,23,65,69
Wabasha County,Number of violent crimes,22,24,7,15,16,16,7,10,12,9,21,10,9,22,21,5,14,15
Wabasha County,Total population,"21,610","21,764","21,752","21,821","21,755","21,706","21,826","21,708","21,787","21,734","21,676","21,606","21,539","21,563","21,456","21,375","21,447","21,608"
Wadena County,"Serious crime rate per 100,000 residents","2,640","2,359","2,560","1,666","2,017","1,819","1,707","1,445","1,553","1,533","1,727","1,656",698,689,883,249,177,593
Wadena County,Total serious crimes,362,324,353,228,276,251,234,200,215,212,239,226,95,94,120,34,24,81
Wadena County,"Property crime rate per 100,000 residents","2,421","2,162","2,357","1,476","1,827","1,667","1,525","1,308","1,351","1,345","1,503","1,517",603,601,765,198,147,497
Wadena County,Number of property crimes,332,297,325,202,250,230,209,181,187,186,208,207,82,82,104,27,20,68
Wadena County,"Violent crime rate per 100,000 residents",219,197,203,190,183,152,182,137,202,188,224,139,96,88,118,51,29,95
Wadena County,Number of violent crimes,30,27,28,26,25,21,25,19,28,26,31,19,13,12,16,7,4,13
Wadena County,Total population,"13,713","13,737","13,789","13,682","13,682","13,799","13,705","13,840","13,844","13,825","13,843","13,649","13,606","13,640","13,589","13,668","13,566","13,669"
Waseca County,"Serious crime rate per 100,000 residents","1,736","2,212","2,063","2,230","2,250","2,608","2,243","2,144","1,973","1,964","1,589","1,720","1,732","1,650","1,602","1,432","1,418","1,570"
Waseca County,Total serious crimes,339,431,402,433,433,503,434,416,381,366,304,330,332,314,303,271,267,295
Waseca County,"Property crime rate per 100,000 residents","1,598","2,027","1,848","2,076","2,068","2,463","2,057","1,984","1,818","1,867","1,437","1,564","1,617","1,608","1,522","1,368","1,317","1,469"
Waseca County,Number of property crimes,312,395,360,403,398,475,398,385,351,348,275,300,310,306,288,259,248,276
Waseca County,"Violent crime rate per 100,000 residents",138,185,216,155,182,145,186,160,155,97,152,156,115,42,79,63,101,101
Waseca County,Number of violent crimes,27,36,42,30,35,28,36,31,30,18,29,30,22,8,15,12,19,19
Waseca County,Total population,"19,526","19,486","19,483","19,416","19,245","19,288","19,348","19,407","19,311","18,639","19,136","19,183","19,172","19,027","18,919","18,929","18,828","18,787"
Washington County,"Serious crime rate per 100,000 residents","2,847","2,797","2,996","2,999","3,056","2,921","2,732","2,791","2,648","2,636","2,523","2,325","2,481","2,210","2,150","1,989","2,114","2,169"
Washington County,Total serious crimes,"5,726","5,796","6,298","6,415","6,599","6,426","6,150","6,412","6,177","6,212","6,009","5,613","6,046","5,440","5,347","4,988","5,349","5,559"
Washington County,"Property crime rate per 100,000 residents","2,725","2,682","2,868","2,866","2,941","2,799","2,614","2,667","2,546","2,542","2,436","2,258","2,412","2,134","2,065","1,897","2,001","2,064"
Washington County,Number of property crimes,"5,481","5,557","6,028","6,130","6,350","6,158","5,884","6,128","5,941","5,992","5,801","5,450","5,879","5,252","5,136","4,758","5,061","5,292"
Washington County,"Violent crime rate per 100,000 residents",122,115,128,133,115,122,118,124,101,93,87,68,69,76,85,92,114,104
Washington County,Number of violent crimes,245,239,270,285,249,268,266,284,236,220,208,163,167,188,211,230,288,267
Washington County,Total population,"201,130","207,206","210,181","213,909","215,937","219,972","225,091","229,756","233,306","235,684","238,136","241,401","243,733","246,112","248,699","250,760","252,976","256,348"
Watonwan County,"Serious crime rate per 100,000 residents","1,987","2,581","2,439","2,358","2,164","2,022","2,261","2,057","1,745","1,755","1,347","1,066","1,448","1,222","1,498","1,509","1,191","1,734"
Watonwan County,Total serious crimes,236,306,288,275,249,230,256,231,194,196,151,119,161,135,164,165,130,188
Watonwan County,"Property crime rate per 100,000 residents","1,869","2,421","2,363","2,263","2,043","1,881","2,137","1,861","1,565","1,620","1,240","1,003","1,340","1,059","1,352","1,381",990,"1,568"
Watonwan County,Number of property crimes,222,287,279,264,235,214,242,209,174,181,139,112,149,117,148,151,108,170
Watonwan County,"Violent crime rate per 100,000 residents",118,160,76,94,122,141,124,196,180,134,107,63,108,163,146,128,202,166
Watonwan County,Number of violent crimes,14,19,9,11,14,16,14,22,20,15,12,7,12,18,16,14,22,18
Watonwan County,Total population,"11,876","11,856","11,807","11,664","11,504","11,377","11,323","11,231","11,120","11,171","11,211","11,164","11,116","11,044","10,950","10,933","10,911","10,840"
Wilkin County,"Serious crime rate per 100,000 residents","2,312","3,019","2,592","2,829","3,207","2,661","1,341","1,757","1,722","1,996","1,460","1,582","1,836","1,294","1,593","1,399","1,371","1,803"
Wilkin County,Total serious crimes,165,211,181,197,220,181,90,118,114,131,96,104,121,84,103,89,87,114
Wilkin County,"Property crime rate per 100,000 residents","2,101","2,962","2,463","2,685","3,003","2,529","1,282","1,713","1,586","1,920","1,445","1,506","1,715","1,201","1,470","1,336","1,292","1,692"
Wilkin County,Number of property crimes,150,207,172,187,206,172,86,115,105,126,95,99,113,78,95,85,82,107
Wilkin County,"Violent crime rate per 100,000 residents",210,57,129,144,204,132,60,45,136,76,15,76,121,92,124,63,79,111
Wilkin County,Number of violent crimes,15,4,9,10,14,9,4,3,9,5,1,5,8,6,8,4,5,7
Wilkin County,Total population,"7,138","6,989","6,982","6,964","6,860","6,801","6,709","6,715","6,622","6,563","6,576","6,575","6,590","6,494","6,464","6,362","6,345","6,324"
Winona County,"Serious crime rate per 100,000 residents","2,749","2,444","2,121","1,996","1,628","1,822","1,768","1,633","1,706","1,455","1,498","1,484","1,488","1,153",351,"1,887","2,060","1,730"
Winona County,Total serious crimes,"1,374","1,224","1,060","1,002",818,925,900,838,878,748,771,762,764,592,179,959,"1,048",880
Winona County,"Property crime rate per 100,000 residents","2,611","2,347","2,051","1,926","1,548","1,730","1,654","1,532","1,564","1,346","1,403","1,346","1,406","1,054",280,"1,773","1,940","1,592"
Winona County,Number of property crimes,"1,305","1,175","1,025",967,778,878,842,786,805,692,722,691,722,541,143,901,987,810
Winona County,"Violent crime rate per 100,000 residents",138,98,70,70,82,93,114,101,142,109,95,138,82,99,71,114,120,138
Winona County,Number of violent crimes,69,49,35,35,41,47,58,52,73,56,49,71,42,51,36,58,61,70
Winona County,Total population,"49,985","50,072","49,977","50,200","50,257","50,756","50,904","51,316","51,457","51,422","51,461","51,354","51,342","51,337","51,054","50,822","50,872","50,873"
Wright County,"Serious crime rate per 100,000 residents","2,663","2,773","2,611","2,656","2,585","2,441","2,358","2,420","2,156","1,997","1,891","1,851","1,902","1,606","1,479","1,655","1,697","1,526"
Wright County,Total serious crimes,"2,396","2,604","2,570","2,732","2,766","2,701","2,716","2,871","2,621","2,463","2,358","2,336","2,421","2,059","1,920","2,167","2,246","2,049"
Wright County,"Property crime rate per 100,000 residents","2,568","2,698","2,532","2,562","2,494","2,370","2,267","2,323","2,072","1,919","1,805","1,773","1,839","1,539","1,418","1,565","1,605","1,418"
Wright County,Number of property crimes,"2,311","2,534","2,492","2,635","2,668","2,623","2,611","2,756","2,518","2,366","2,251","2,238","2,340","1,973","1,841","2,049","2,125","1,904"
Wright County,"Violent crime rate per 100,000 residents",94,75,79,94,92,70,91,97,85,79,86,78,64,67,61,90,91,108
Wright County,Number of violent crimes,85,70,78,97,98,78,105,115,103,97,107,98,81,86,79,118,121,145
Wright County,Total population,"89,986","93,922","98,434","102,856","106,998","110,674","115,192","118,635","121,553","123,320","124,700","126,226","127,257","128,208","129,802","130,968","132,387","134,286"
Yellow Medicine County,"Serious crime rate per 100,000 residents",984,404,"1,191","1,282","1,186","1,244",882,"1,097","1,069",968,"1,025","1,255",660,993,"1,213",813,991,"1,155"
Yellow Medicine County,Total serious crimes,109,45,131,140,128,133,94,116,112,101,107,129,67,100,121,80,98,114
Yellow Medicine County,"Property crime rate per 100,000 residents",930,386,"1,109","1,190","1,093","1,207",797,"1,012",974,881,843,"1,099",581,923,"1,092",742,839,"1,003"
Yellow Medicine County,Number of property crimes,103,43,122,130,118,129,85,107,102,92,88,113,59,93,109,73,83,99
Yellow Medicine County,"Violent crime rate per 100,000 residents",54,18,82,92,93,37,84,85,95,86,182,156,79,69,120,71,152,152
Yellow Medicine County,Number of violent crimes,6,2,9,10,10,4,9,9,10,9,19,16,8,7,12,7,15,15
Yellow Medicine County,Total population,"11,080","11,136","11,002","10,924","10,795","10,691","10,663","10,574","10,473","10,437","10,438","10,281","10,149","10,075","9,979","9,835","9,892","9,867"
